shipper_id,shipper_name,shipper_contact_details,product_id,vehicle_maker,vehicle_model,vehicle_color,vehicle_model_year,vehicle_price,quantity,discount,customer_id,customer_name,gender,job_title,phone_number,email_address,city,country,state,customer_address,order_date,order_id,ship_date,ship_mode,shipping,postal_code,credit_card_type,credit_card_number,customer_feedback,quarter_number
2529,Livetube,441-66-2551,4861,Kia,Sportage,Puce,2009,63639.09,1,0.48,60916-002,Gwenneth Godden,Female,Programmer IV,907-172-8427,ggoddeni3@sogou.com,Anchorage,United States,Alaska,1802 Red Cloud Street,2018-11-10,0998-0408,2019-05-05,First Class,Air,99599,jcb,3.97E+15,Bad,4
2879,Gigazoom,573-47-8364,4040,Pontiac,GTO,Pink,1970,77247.639,2,0.5,55714-4426,Alphard Quantrill,Male,Programmer Analyst IV,480-783-3635,aquantrill2f@netscape.com,Phoenix,United States,Arizona,12 Raven Street,2018-12-10,31720-208,2019-05-05,First Class,Air,85025,jcb,1.33E+15,Good,4
1734,Realblab,209-76-8535,4665,Geo,Tracker,Puce,1994,82137.51,2,0.52,66479-581,Murray Stiegers,Male,Tax Accountant,405-455-8082,mstiegersi7@exblog.jp,Oklahoma City,United States,Oklahoma,1 Grayhawk Pass,2018-10-10,52125-805,2019-05-05,Same Day,Air,73190,diners-club-enroute,2.69E+15,Okay,4
2849,Quatz,195-12-4744,3603,Isuzu,Amigo,Indigo,1993,85151.493,2,0.73,68151-1471,Ross Leither,Male,Automation Specialist IV,314-644-4750,rleither4w@privacy.gov.au,Saint Louis,United States,Missouri,4 Chive Lane,2018-11-10,0019-0862,2019-05-05,Standard Class,Air,63150,laser,2.09E+15,Okay,4
2499,Jaxbean,737-01-7269,4623,GMC,Canyon,Puce,2010,63071.397,2,0.61,49349-991,Jaquelyn Pietersma,Female,Web Developer III,913-185-3980,jpietersmam7@paginegialle.it,Shawnee Mission,United States,Kansas,46079 Wayridge Trail,2018-11-10,36987-1044,2019-05-05,Standard Class,Air,66220,jcb,2.98E+15,Very Bad,4
2273,Tazz,597-80-3691,3609,BMW,5 Series,Goldenrod,1994,82539.387,2,0.73,61727-303,Sascha Rallinshaw,Male,Database Administrator II,561-251-3124,srallinshawqr@youtu.be,West Palm Beach,United States,Florida,6693 Kinsman Park,2018-10-10,42998-402,2019-06-05,Second Class,Air,33411,mastercard,4.35E+15,Very Good,4
3731,Digitube,132-47-6371,4398,Nissan,Frontier,Aquamarine,2001,68580.891,1,0.72,0268-0807,Man Ollet,Male,Budget/Accounting Analyst III,281-929-6859,mollet8y@bbc.co.uk,Spring,United States,Texas,487 Magdeline Way,2018-10-10,52083-601,2019-06-05,First Class,Truck,77388,jcb,4.31E+15,Okay,4
3953,Gigashots,826-37-9051,4414,Nissan,Sentra,Yellow,2006,76450.23,1,0.5,0517-0033,Ethelred Thorington,Male,Tax Accountant,210-554-6825,ethorington1v@ask.com,San Antonio,United States,Texas,60 Coleman Hill,2018-10-10,57237-101,2019-06-05,Same Day,Air,78220,visa,2.02E+15,Very Bad,4
1312,Jayo,412-93-5172,3551,Mercedes-Benz,S-Class,Blue,1985,84462.579,1,0.72,0363-9170,Oliy Kelloway,Female,Senior Sales Associate,612-875-7257,okelloway98@icio.us,Minneapolis,United States,Minnesota,83 Maple Place,2018-10-10,44911-0014,2019-06-05,Standard Class,Truck,55446,diners-club-enroute,4.54E+15,Okay,4
1199,Avavee,125-38-2989,4578,Toyota,Venza,Indigo,2012,84189.852,2,0.78,0113-0277,Heywood Matuszkiewicz,Male,Information Systems Manager,404-766-3677,hmatuszkiewicz3w@cargocollective.com,Atlanta,United States,Georgia,62725 Dovetail Place,2018-10-10,49288-0368,2019-06-05,Standard Class,Truck,30375,visa,2.08E+15,Very Good,4
2382,Demivee,493-38-2166,4709,Mitsubishi,Mirage,Puce,1998,89129.574,2,0.69,51918-1001,Danya Lambis,Male,Staff Scientist,817-933-4301,dlambis32@themeforest.net,Fort Worth,United States,Texas,1 Warner Trail,2018-10-10,65044-1060,2019-06-05,Second Class,Truck,76134,visa-electron,4.58E+15,Bad,4
1237,Mymm,899-94-1913,4505,Lamborghini,Murci�lago,Blue,2002,84301.542,2,0.66,0555-1056,Noelle Gullan,Female,Budget/Accounting Analyst I,412-652-4348,ngullan6l@jalbum.net,Pittsburgh,United States,Pennsylvania,21084 Fremont Court,2018-10-10,68462-205,2019-07-05,Second Class,Air,15255,diners-club-carte-blanche,1.52E+15,Very Good,4
3379,Jetwire,762-85-5444,4742,Buick,Century,Crimson,1991,72309.744,2,0.6,0268-0654,Datha Christon,Female,VP Accounting,806-319-0596,dchriston4r@google.ru,Amarillo,United States,Texas,43 Meadow Ridge Park,2018-10-10,76340-9001,2019-07-05,Same Day,Truck,79171,jcb,4.85E+15,Okay,4
1738,Trudoo,706-95-4792,4663,Oldsmobile,Cutlass Supreme,Maroon,1994,86912.604,1,0.72,0085-1132,Valeria Abram,Female,Account Representative III,217-641-8431,vabramor@springer.com,Springfield,United States,Illinois,2035 Karstens Road,2018-11-10,0135-0525,2019-02-05,Second Class,Truck,62776,jcb,1.72E+15,Okay,4
1733,Blognation,759-15-0588,4660,Mercedes-Benz,CL-Class,Violet,2007,69064.029,2,0.76,0409-1163,Ase Giannazzi,Male,GIS Technical Architect,208-731-8246,agiannazzi1m@npr.org,Boise,United States,Idaho,011 Northfield Alley,2018-11-10,53208-447,2019-05-05,Standard Class,Truck,83716,maestro,2.78E+15,Very Bad,4
1829,Innotype,487-64-6614,3995,Dodge,Charger,Violet,1969,86122.971,1,0.54,60505-2640,Yasmeen Antognazzi,Female,Project Manager,206-332-9222,yantognazzimw@amazon.co.uk,Seattle,United States,Washington,3 Moland Drive,2018-11-10,54575-415,2019-05-05,Standard Class,Air,98127,jcb,2.15E+15,Okay,4
1748,Midel,429-51-4961,3969,Lexus,GS,Puce,2013,66053.934,1,0.49,64205-101,Wallas Lewing,Male,Structural Analysis Engineer,919-462-7153,wlewing2o@arstechnica.com,Durham,United States,North Carolina,0 Emmet Place,2018-11-10,63830-221,2019-05-05,Same Day,Truck,27705,jcb,2.76E+15,Very Bad,4
2157,Livefish,782-36-5592,4696,Mercedes-Benz,SLK-Class,Aquamarine,2007,72715.842,1,0.58,41268-441,Korella Blastock,Female,Executive Secretary,207-553-5217,kblastockkp@wp.com,Portland,United States,Maine,66 Esker Plaza,2018-11-10,66336-135,2019-05-05,First Class,Truck,4109,jcb,1.74E+15,Bad,4
2235,Brightbean,169-13-5424,3813,Ford,Transit Connect,Khaki,2012,81104.436,1,0.62,68645-320,Isidor McCumesky,Male,VP Quality Control,713-341-9862,imccumeskyon@creativecommons.org,Houston,United States,Texas,53 Buell Lane,2018-11-10,55154-1391,2019-03-05,First Class,Air,77223,bankcard,2.56E+15,Very Bad,4
2269,Brainsphere,415-28-4078,4064,Toyota,Sequoia,Khaki,2009,66522.528,2,0.48,52584-950,Lucais Larvent,Male,Marketing Assistant,916-208-0563,llarventb5@skyrock.com,Sacramento,United States,California,312 Darwin Road,2018-11-10,55312-053,2019-03-05,Second Class,Truck,95865,jcb,3.30E+15,Very Bad,4
2174,Trupe,237-34-5520,3735,Jeep,Grand Cherokee,Orange,2010,83160.9,1,0.76,59351-0333,Malanie McIlroy,Female,VP Accounting,510-255-4514,mmcilroyfa@dropbox.com,Sacramento,United States,California,20 Sloan Parkway,2018-11-10,36987-1216,2019-03-05,Standard Class,Air,95823,switch,2.97E+15,Very Bad,4
1635,Cogilith,741-55-2529,3561,Dodge,Intrepid,Goldenrod,2002,80695.935,1,0.65,0409-3213,Lea Wernham,Female,Chemical Engineer,843-953-4690,lwernhamev@businessinsider.com,Florence,United States,South Carolina,2 Coleman Plaza,2018-11-10,68737-226,2019-03-05,Standard Class,Truck,29505,jcb,4.78E+15,Bad,4
3175,Chatterbridge,242-64-3271,4804,BMW,X5,Violet,2004,63980.757,2,0.48,22431-582,Kayle Trevillion,Female,Professor,318-622-9090,ktrevillionow@dedecms.com,Shreveport,United States,Louisiana,7165 Del Mar Way,2018-12-10,76069-100,2019-05-05,Second Class,Truck,71161,jcb,3.58E+15,Very Good,4
3007,Blogspan,710-32-6408,4136,Jaguar,XK,Crimson,2009,80467.587,2,0.51,54295-307,Kareem Wayper,Male,Director of Sales,727-146-5796,kwayperag@vk.com,Saint Petersburg,United States,Florida,53 Northview Avenue,2018-12-10,54868-0268,2019-06-05,Standard Class,Truck,33715,switch,1.59E+15,Very Good,4
1385,Zoonoodle,160-33-0424,3535,Citro�n,CX,Pink,1989,76835.646,2,0.75,76439-218,Kristyn Kenrat,Female,Nurse Practicioner,203-952-7550,kkenratdj@patch.com,Waterbury,United States,Connecticut,7202 Burning Wood Way,2018-12-10,58232-0016,2019-06-05,Standard Class,Air,6705,mastercard,3.39E+15,Bad,4
2370,Buzzdog,815-89-9588,4762,Chevrolet,Cruze,Orange,2011,63492.66,2,0.74,60429-028,Zora Kobpac,Female,Speech Pathologist,719-301-1853,zkobpac52@umn.edu,Colorado Springs,United States,Colorado,1 Lukken Alley,2018-11-10,0049-0032,2019-05-13,Same Day,Truck,80930,jcb,3.67E+15,Bad,4
2199,Abata,668-59-9311,4397,Morgan,Aero 8,Violet,2007,78946.686,2,0.61,30142-104,Germayne Meryett,Male,Speech Pathologist,661-481-4276,gmeryett3z@washingtonpost.com,Bakersfield,United States,California,72 Union Circle,2018-11-10,11822-2683,2019-05-13,Standard Class,Truck,93311,diners-club-enroute,4.60E+15,Bad,4
1945,Dynabox,659-81-2311,4188,Pontiac,Grand Am,Puce,1990,68572.674,2,0.57,48951-1066,Dena Weavers,Female,Clinical Specialist,813-866-9238,dweaversnl@businessinsider.com,Tampa,United States,Florida,6 3rd Avenue,2018-11-10,51386-500,2019-05-13,First Class,Air,33625,laser,4.10E+15,Very Bad,4
1957,Fadeo,631-69-3897,4501,Buick,Regal,Yellow,2002,86541.813,1,0.64,43353-754,Geoffrey Ackermann,Male,Pharmacist,320-706-1610,gackermann49@foxnews.com,Saint Cloud,United States,Minnesota,34617 Lakeland Street,2018-10-10,55289-720,2019-05-14,Same Day,Truck,56372,mastercard,3.42E+15,Very Bad,4
1353,Skippad,518-75-5398,4568,Infiniti,QX,Green,2011,81483.003,2,0.5,43419-380,Carlota Mapletoft,Female,Research Assistant II,646-468-6380,cmapletoftqk@mtv.com,New York City,United States,New York,1 Drewry Avenue,2018-10-10,60429-509,2019-05-14,Same Day,Truck,10045,jcb,3.94E+15,Very Bad,4
2176,Browseblab,667-48-5540,4827,Chevrolet,Citation,Teal,1980,87972.948,1,0.69,55655-121,Tilda Cromley,Female,Human Resources Manager,314-701-8979,tcromleyof@blinklist.com,Saint Louis,United States,Missouri,2414 Elmside Center,2018-10-10,47682-502,2019-05-14,Standard Class,Air,63121,diners-club-carte-blanche,3.80E+15,Bad,4
1189,Skidoo,164-56-2152,4430,Chrysler,Town & Country,Mauv,1996,89110.395,1,0.73,0220-9324,Chryste Please,Female,Operator,515-627-6399,cpleasegm@xing.com,Des Moines,United States,Iowa,57169 New Castle Circle,2018-10-10,55910-014,2019-05-14,First Class,Air,50393,diners-club-carte-blanche,4.08E+15,Okay,4
3926,Quamba,576-86-4243,4652,Bentley,Continental GTC,Puce,2011,88938.675,2,0.76,61919-992,Perry Kirimaa,Male,Business Systems Development Analyst,907-626-0193,pkirimaa9m@cbsnews.com,Juneau,United States,Alaska,576 Kingsford Street,2018-10-10,61328-001,2019-05-14,Second Class,Air,99812,laser,3.26E+15,Bad,4
1642,Thoughtstorm,673-60-4852,4710,Oldsmobile,Bravada,Teal,2004,85923.162,2,0.68,76519-1017,Blythe Lampens,Female,Accountant I,404-400-7955,blampens26@google.ca,Atlanta,United States,Georgia,28 Granby Place,2018-10-10,61748-017,2019-05-14,Second Class,Air,31132,jcb,4.60E+15,Okay,4
1302,Youbridge,441-40-7398,3988,Volkswagen,Scirocco,Purple,1985,82418.805,1,0.55,0555-9027,Aron Pauler,Male,Speech Pathologist,913-546-2879,apaulera1@bbc.co.uk,Shawnee Mission,United States,Kansas,01 Homewood Hill,2018-11-10,65663-019,2019-05-15,Second Class,Air,66210,diners-club-us-ca,4.19E+15,Okay,4
1564,Demizz,308-66-6652,3670,Ford,Bronco,Red,1990,68516.694,2,0.58,0517-7630,Marlane Nutten,Female,Product Engineer,561-339-5265,mnutten1h@chron.com,West Palm Beach,United States,Florida,96 Mcguire Hill,2018-11-10,68016-213,2019-05-15,First Class,Air,33416,visa,2.29E+15,Okay,4
2284,Kare,829-27-8030,4685,Mazda,Miata MX-5,Orange,2001,81672.84,2,0.63,10337-332,Merle Cubberley,Female,Financial Advisor,262-777-9429,mcubberley5y@xing.com,Racine,United States,Wisconsin,291 Ramsey Plaza,2018-11-10,44929-001,2019-05-15,Same Day,Truck,53405,americanexpress,2.89E+15,Bad,4
3524,Lazz,329-80-2609,4359,Honda,FCX Clarity,Yellow,2012,67475.466,1,0.63,21695-215,Jermain Proudman,Male,Senior Editor,920-861-3234,jproudmanh@independent.co.uk,Appleton,United States,Wisconsin,064 Everett Circle,2018-12-10,49404-204,2019-05-16,Same Day,Air,54915,mastercard,3.20E+15,Very Bad,4
3868,Flipstorm,413-89-0621,3517,Audi,A3,Violet,2012,75705.813,1,0.54,51672-1271,Inger Sellan,Female,Senior Financial Analyst,941-236-7604,isellaner@mail.ru,Bradenton,United States,Florida,70718 Forest Place,2018-10-13,52125-574,2019-05-17,Same Day,Air,34210,switch,1.86E+15,Very Bad,4
2927,Skinix,671-58-6551,3842,Acura,NSX,Khaki,1992,71896.716,1,0.71,0115-1232,Wyatt Dysert,Male,Analog Circuit Design manager,608-608-9102,wdysertod@github.io,Madison,United States,Wisconsin,8 Grayhawk Center,2018-10-13,59667-0103,2019-05-17,First Class,Truck,53779,mastercard,4.83E+15,Very Bad,4
1938,Skaboo,294-41-9298,4944,Dodge,Ram 1500,Pink,1999,78921.765,2,0.72,49288-0826,Hillyer Snartt,Male,Teacher,408-656-4189,hsnarttd1@hibu.com,Santa Clara,United States,California,58954 Prairie Rose Point,2018-10-13,65862-155,2019-05-17,Standard Class,Truck,95054,diners-club-enroute,3.64E+15,Okay,4
3517,Zoovu,860-12-4670,4950,Cadillac,Seville,Khaki,1997,80583.12,2,0.73,36987-2014,Freeman Firbank,Male,Recruiting Manager,608-911-8392,ffirbank34@dyndns.org,Madison,United States,Wisconsin,6579 Arapahoe Avenue,2018-10-13,0781-5526,2019-05-17,First Class,Truck,53790,jcb,3.43E+15,Bad,4
1494,Twinte,144-59-9212,3540,Toyota,Paseo,Aquamarine,1993,72735.408,2,0.67,58668-4281,Inga Emby,Female,Graphic Designer,719-896-0684,iembyj4@e-recht24.de,Pueblo,United States,Colorado,67639 Bartelt Hill,2018-10-13,43063-354,2019-05-17,Same Day,Truck,81015,jcb,4.16E+15,Okay,4
1384,Ozu,347-27-9394,4832,GMC,Savana 1500,Pink,2000,83167.38,1,0.52,50268-688,Tynan Oates,Male,Analyst Programmer,909-477-9059,toateshs@sina.com.cn,Riverside,United States,California,4224 Hoepker Place,2018-10-16,75847-9001,2019-05-20,Same Day,Truck,92505,jcb,1.75E+15,Very Good,4
2599,Quamba,819-31-2989,4790,Maserati,Gran Sport,Violet,2005,82516.41,1,0.68,53305-074,Addy Kale,Male,Media Manager II,860-333-1948,akale4t@multiply.com,Hartford,United States,Connecticut,85163 Menomonie Park,2018-10-16,10122-321,2019-05-20,Same Day,Truck,6160,diners-club-enroute,2.08E+15,Very Good,4
2999,Wikivu,226-81-1300,3701,Isuzu,Rodeo,Blue,1994,82345.221,1,0.68,36800-523,Ali Topper,Male,Compensation Analyst,360-625-8225,atoppermu@reuters.com,Vancouver,United States,Washington,398 Fieldstone Terrace,2018-10-17,36987-1599,2019-05-21,Second Class,Truck,98687,jcb,4.31E+15,Very Bad,4
1030,Topdrive,469-15-9131,4638,Mazda,Miata MX-5,Pink,2012,74606.211,2,0.72,57664-203,Aurora Vinnick,Female,Pharmacist,574-620-3789,avinnickaa@issuu.com,South Bend,United States,Indiana,4 Blaine Street,2018-10-18,49999-059,2019-05-22,Standard Class,Air,46699,jcb,1.45E+15,Good,4
2730,Babblestorm,470-73-7676,4371,Toyota,Tacoma,Goldenrod,2001,76320.594,2,0.66,43269-780,Armstrong Cripin,Male,Chemical Engineer,574-485-6534,acripin4u@loc.gov,South Bend,United States,Indiana,08365 Pepper Wood Center,2018-10-18,49999-885,2019-05-22,Standard Class,Air,46620,jcb,3.51E+15,Very Bad,4
1982,Janyx,361-75-4426,4736,Chevrolet,Monte Carlo,Yellow,2000,76184.892,2,0.71,0283-0679,Kort Hobbert,Male,Automation Specialist IV,508-794-7055,khobbertfq@msn.com,Worcester,United States,Massachusetts,9229 Hooker Terrace,2018-10-18,52380-0540,2019-05-22,Standard Class,Air,1654,americanexpress,4.52E+15,Very Good,4
3136,Yotz,307-21-2166,3999,Buick,Coachbuilder,Teal,1994,81410.022,2,0.52,68016-526,Brigit Ruddiforth,Female,Staff Accountant IV,623-949-6463,bruddiforthos@youtu.be,Scottsdale,United States,Arizona,11131 Stone Corner Lane,2018-10-19,53389-100,2019-05-23,Second Class,Truck,85260,jcb,2.03E+15,Very Bad,4
3097,Skyndu,346-24-3016,4789,Pontiac,Grand Prix,Indigo,1982,83265.003,2,0.65,59054-140,Madelaine Ratray,Female,Software Consultant,914-116-7544,mratray5f@jugem.jp,Bronx,United States,New York,6 Bobwhite Court,2018-10-19,0268-6638,2019-05-23,Same Day,Air,10464,maestro,1.40E+15,Bad,4
2143,Thoughtstorm,505-15-6064,3567,Oldsmobile,Cutlass Cruiser,Fuscia,1993,79861.572,2,0.57,59779-349,Isabelita McKilroe,Female,Data Coordiator,718-258-5427,imckilroegk@miitbeian.gov.cn,New York City,United States,New York,3911 Leroy Trail,2018-10-19,43269-694,2019-05-23,First Class,Truck,10004,bankcard,3.68E+15,Very Bad,4
1960,Jabberbean,311-61-4354,3566,Chevrolet,Malibu,Mauv,1999,76307.778,2,0.59,21695-015,Julianne Hatliffe,Female,Information Systems Manager,214-386-0537,jhatliffeab@ustream.tv,Dallas,United States,Texas,51 Anzinger Point,2018-10-19,54473-231,2019-05-23,Same Day,Air,75379,switch,3.18E+15,Very Bad,4
2889,Ntag,542-07-6065,4615,Mitsubishi,L300,Goldenrod,1987,82684.305,2,0.49,57520-0203,Fairleigh Tremaine,Male,Chief Design Engineer,816-422-7963,ftremaineav@blogs.com,Kansas City,United States,Missouri,9119 Menomonie Junction,2018-10-19,54868-0262,2019-05-23,First Class,Truck,64149,mastercard,3.91E+15,Bad,4
3063,Brainlounge,347-74-2934,4743,Pontiac,Firebird,Violet,1989,66058.956,2,0.53,55154-6754,Beau Hinkens,Male,Pharmacist,646-165-4434,bhinkensr7@go.com,New York City,United States,New York,398 Jackson Drive,2018-10-19,50730-5101,2019-05-23,Same Day,Truck,10270,visa-electron,1.86E+15,Good,4
1948,Skyvu,876-27-7207,3667,Saab,09-Mar,Crimson,2004,67466.637,1,0.67,68472-072,Cariotta Perel,Female,Internal Auditor,940-802-7294,cperelpu@github.com,Wichita Falls,United States,Texas,53 Amoth Road,2018-10-20,55111-565,2019-05-24,Standard Class,Air,76305,jcb,1.52E+15,Very Good,4
3578,Ainyx,790-07-9248,3530,Mercedes-Benz,S-Class,Puce,1996,63942.057,2,0.63,98132-710,Leontine Fante,Female,Payment Adjustment Coordinator,509-989-5964,lfante9v@vk.com,Spokane,United States,Washington,6506 Spaight Pass,2018-10-20,56062-516,2019-05-24,Second Class,Truck,99215,mastercard,4.53E+15,Bad,4
3356,Twinder,196-80-7223,4778,Subaru,Loyale,Khaki,1990,65907.09,1,0.65,49349-952,Lora Chomicki,Female,Sales Associate,214-909-4415,lchomicki7f@unblog.fr,Houston,United States,Texas,02 Johnson Avenue,2018-10-23,0378-1160,2019-05-27,Second Class,Truck,77005,laser,3.74E+15,Bad,4
2416,Twinte,734-37-3831,4097,Chrysler,Sebring,Pink,2007,68917.923,2,0.62,14783-099,Germaine Jarrard,Female,Director of Sales,904-417-8461,gjarrarddz@soundcloud.com,Saint Augustine,United States,Florida,7 Blackbird Place,2018-10-23,50580-134,2019-05-27,Same Day,Truck,32092,bankcard,3.65E+15,Very Bad,4
2930,Pixoboo,694-67-9628,3946,Buick,Century,Maroon,2004,87037.2,2,0.49,0615-7662,Waldo Harriday,Male,Office Assistant I,530-821-7172,wharridayoz@vkontakte.ru,Sacramento,United States,California,63 Welch Pass,2018-10-23,0093-8232,2019-05-27,Same Day,Truck,95818,jcb,3.67E+15,Okay,4
2973,Eazzy,459-57-6974,4440,Volkswagen,rio,Puce,2000,71433.351,2,0.61,68151-1174,Blondell Liddard,Female,Senior Quality Engineer,402-386-5416,bliddardda@networkadvertising.org,Omaha,United States,Nebraska,88 Muir Pass,2018-10-23,10544-227,2019-05-27,Standard Class,Air,68117,visa-electron,4.79E+15,Good,4
2100,Yotz,294-25-7323,4449,Volvo,C70,Indigo,2008,86124.195,2,0.56,0363-1005,Denny Alred,Male,Automation Specialist IV,704-853-0361,dalredhc@weebly.com,Charlotte,United States,North Carolina,991 Del Mar Drive,2018-10-24,33261-082,2019-05-28,First Class,Air,28220,jcb,3.04E+15,Very Bad,4
2251,Chatterbridge,868-80-3843,4217,Cadillac,Escalade,Red,2007,63033.777,2,0.63,11584-1060,Gerek Timmins,Male,Physical Therapy Assistant,480-458-6503,gtimmins2w@wiley.com,Apache Junction,United States,Arizona,63 Fairview Park,2018-10-24,49348-553,2019-05-28,Standard Class,Air,85219,jcb,2.46E+15,Very Good,4
3402,Plajo,715-50-5471,4919,Chrysler,Concorde,Red,1999,84642.417,2,0.56,17478-792,Andros Yurshev,Male,Mechanical Systems Engineer,508-512-3009,ayurshevak@seesaa.net,New Bedford,United States,Massachusetts,382 Vermont Junction,2018-10-25,52000-000,2019-05-29,First Class,Truck,2745,jcb,2.10E+15,Good,4
2528,Rhycero,196-88-0609,3818,Oldsmobile,Silhouette,Aquamarine,2004,76122.882,2,0.49,68647-167,Dorette Deverale,Female,Marketing Assistant,651-480-8222,ddeveralea2@techcrunch.com,Saint Paul,United States,Minnesota,2510 Del Mar Way,2018-10-25,0440-1481,2019-05-29,First Class,Air,55108,instapayment,3.10E+15,Okay,4
2298,Jabbertype,398-40-4399,3659,Dodge,Stratus,Indigo,1998,84496.995,2,0.77,64117-150,Arel Cass,Male,Systems Administrator III,312-148-8430,acassms@seattletimes.com,Chicago,United States,Illinois,87 Welch Hill,2018-10-25,43742-0344,2019-05-29,Second Class,Truck,60691,visa-electron,3.30E+15,Bad,4
1443,Aivee,681-07-9348,3711,Mercedes-Benz,E-Class,Puce,1984,65233.152,2,0.61,63539-5195,Lorry Chateau,Female,Nurse Practicioner,907-677-1668,lchateauoa@cocolog-nifty.com,Juneau,United States,Alaska,2282 Dwight Drive,2018-10-25,49288-0588,2019-05-29,Standard Class,Air,99812,maestro,3.39E+15,Very Bad,4
3733,Twitterwire,530-82-7798,4759,Chrysler,300M,Maroon,2002,69921.972,2,0.56,51079-575,Joy Sandyford,Female,Help Desk Technician,603-531-5616,jsandyforddr@yahoo.co.jp,Manchester,United States,New Hampshire,94753 Kinsman Plaza,2018-10-25,54458-916,2019-05-29,First Class,Air,3105,jcb,3.04E+15,Very Bad,4
2441,Dabtype,753-10-7022,4622,Ford,Ranger,Aquamarine,1984,67393.926,2,0.77,64159-6989,Olivia Lord,Female,Sales Associate,303-711-0764,olord6y@mail.ru,Denver,United States,Colorado,4071 Dapin Lane,2018-10-25,65044-2042,2019-05-29,First Class,Truck,80223,jcb,4.57E+15,Very Bad,4
2679,Gabvine,854-30-4179,4396,Dodge,Avenger,Turquoise,2008,63302.4,1,0.57,54799-504,Demetria Hazelgrove,Female,Human Resources Assistant IV,785-371-7195,dhazelgroved@theatlantic.com,Topeka,United States,Kansas,25 Dapin Lane,2018-10-26,57955-8315,2019-05-30,First Class,Air,66642,jcb,4.75E+15,Good,4
3629,Jazzy,299-52-5394,3678,Isuzu,Trooper,Puce,1992,84779.514,1,0.78,54868-4250,Giusto Bollis,Male,Geological Engineer,508-843-5655,gbollis21@i2i.jp,Brockton,United States,Massachusetts,37867 Lindbergh Pass,2018-10-26,59262-601,2019-05-30,Same Day,Truck,2305,china-unionpay,1.91E+15,Bad,4
2318,Aibox,865-42-1286,4741,Subaru,Forester,Red,2007,72304.02,1,0.6,49349-677,Retha Couzens,Female,Environmental Tech,937-136-1689,rcouzensej@google.com.hk,Dayton,United States,Ohio,2 Jenna Alley,2018-10-26,0395-1213,2019-05-30,Second Class,Truck,45408,bankcard,1.57E+15,Bad,4
3149,Avamm,866-71-2942,4590,Honda,Civic,Crimson,2003,73965.204,1,0.67,69152-0078,Peria Bovis,Female,Biostatistician II,901-523-2545,pbovis7o@mayoclinic.com,Memphis,United States,Tennessee,6262 Florence Drive,2018-10-27,58232-0749,2019-01-06,Same Day,Air,38109,jcb,1.49E+15,Bad,4
2073,Jaxworks,547-85-9847,3725,Volkswagen,GTI,Purple,1997,69403.689,2,0.54,63323-117,Jakie Shenton,Male,Media Manager II,704-971-9849,jshentone5@facebook.com,Charlotte,United States,North Carolina,6112 Schurz Alley,2018-10-27,63629-2882,2019-01-06,Second Class,Air,28299,mastercard,3.91E+15,Okay,4
3712,Ntags,432-69-4266,4925,GMC,Sierra 3500HD,Khaki,2006,78679.566,1,0.52,11673-067,Patti Denman,Female,Chief Design Engineer,904-985-4451,pdenmani8@bloglines.com,Jacksonville,United States,Florida,53423 Aberg Park,2018-10-28,0004-0259,2019-02-06,Same Day,Truck,32209,visa-electron,3.99E+15,Bad,4
1373,Photobug,527-16-1591,4211,Nissan,Cube,Turquoise,2009,68608.35,1,0.72,55154-8252,Way Cossell,Male,Compensation Analyst,212-846-4207,wcossellp@npr.org,New York City,United States,New York,02096 Eliot Pass,2018-10-28,16864-002,2019-02-06,Same Day,Air,10029,diners-club-carte-blanche,4.75E+15,Very Bad,4
2159,Vimbo,252-27-6855,4206,Dodge,Ram Van 2500,Teal,2003,73575.72,1,0.7,63739-805,Rita Breakwell,Female,Assistant Professor,205-592-2534,rbreakwellef@dropbox.com,Birmingham,United States,Alabama,0817 Scott Street,2018-10-29,48433-311,2019-03-06,First Class,Truck,35279,mastercard,2.13E+15,Bad,4
3935,Tekfly,540-87-0867,4980,Buick,LeSabre,Violet,1998,79363.62,1,0.56,31190-500,Elyssa O'Rudden,Female,Help Desk Technician,702-892-9101,eoruddenmj@woothemes.com,Las Vegas,United States,Nevada,857 Maple Plaza,2018-10-29,49884-463,2019-03-06,Standard Class,Air,89145,china-unionpay,3.82E+15,Bad,4
3267,Twitterbridge,875-88-9905,4016,Volvo,V90,Maroon,1997,87936.624,2,0.63,68001-215,Eadith Khadir,Female,Senior Editor,203-527-2914,ekhadirhu@marriott.com,Bridgeport,United States,Connecticut,8788 Sugar Center,2018-10-29,59746-177,2019-03-06,Same Day,Truck,6673,jcb,1.52E+15,Very Bad,4
3539,Skinix,298-66-7618,4824,Isuzu,Trooper,Khaki,1992,85538.07,2,0.54,45802-770,Terrell Brocket,Male,General Manager,786-387-4994,tbrocketg9@slideshare.net,Miami,United States,Florida,6528 Oxford Court,2018-10-30,36987-3350,2019-04-06,Standard Class,Air,33190,jcb,4.17E+15,Bad,4
3479,Mita,476-52-0185,3891,Ford,F250,Orange,1999,80657.73,2,0.66,65044-2320,Rebbecca Sibbson,Female,Software Consultant,515-817-7422,rsibbsonkf@hatena.ne.jp,Des Moines,United States,Iowa,56791 Melby Park,2018-10-30,13537-254,2019-04-06,Same Day,Air,50369,jcb,3.95E+15,Bad,4
2124,Flipbug,178-72-5871,4267,Suzuki,Vitara,Yellow,2002,75467.574,2,0.78,11822-6101,Tonya Tidball,Female,Occupational Therapist,561-287-4093,ttidballet@biblegateway.com,Boca Raton,United States,Florida,49 Blue Bill Park Parkway,2018-10-30,44523-603,2019-04-06,Second Class,Air,33432,laser,2.95E+15,Okay,4
1921,Pixonyx,765-18-4817,4871,Toyota,Solara,Yellow,2003,70528.59,1,0.7,68405-014,Madge Farndell,Female,Media Manager III,808-564-2781,mfarndell5z@cmu.edu,Honolulu,United States,Hawaii,6872 Buena Vista Terrace,2018-10-30,66467-3740,2019-04-06,Standard Class,Truck,96840,jcb,4.35E+15,Very Bad,4
1718,Meezzy,409-44-1664,4214,Ford,Aerostar,Red,1997,73071.882,2,0.58,36987-3061,Standford Goodhall,Male,Software Consultant,240-408-7636,sgoodhallfz@mozilla.com,Silver Spring,United States,Maryland,55189 Thackeray Parkway,2018-10-31,0013-2651,2019-05-06,First Class,Air,20904,diners-club-carte-blanche,4.99E+15,Okay,4
3885,Roombo,652-19-2433,3632,Lincoln,LS,Puce,2003,65180.43,2,0.76,60319-2001,Boone Rubie,Male,Legal Assistant,281-864-1863,brubiejk@clickbank.net,Houston,United States,Texas,4841 Pond Pass,2018-10-31,13537-171,2019-05-06,Second Class,Truck,77095,china-unionpay,4.34E+15,Okay,4
3397,Babbleblab,201-25-9822,4434,Mercedes-Benz,CLK-Class,Blue,2007,82252.917,1,0.76,55711-066,Dennison Chaytor,Male,Design Engineer,630-300-0865,dchaytor5e@hc360.com,Naperville,United States,Illinois,3263 Meadow Vale Road,2018-10-31,14783-438,2019-05-06,Standard Class,Truck,60567,jcb,3.06E+15,Very Bad,4
2665,Muxo,800-26-8802,4005,Nissan,Frontier,Pink,2006,65155.275,1,0.52,43269-669,Vidovic Elwood,Male,Nuclear Power Engineer,210-583-7303,velwood29@miibeian.gov.cn,San Antonio,United States,Texas,92 Bowman Pass,2018-12-11,25010-215,2019-06-06,Same Day,Truck,78285,jcb,4.11E+15,Bad,4
1448,Vinder,209-47-7350,4273,Chevrolet,Express 3500,Pink,2007,88409.952,2,0.74,43857-0238,Rudyard Heims,Male,Data Coordiator,860-626-3765,rheimsih@zdnet.com,Hartford,United States,Connecticut,09 Warbler Pass,2018-12-11,27505-002,2019-06-06,Standard Class,Truck,6160,maestro,4.61E+15,Very Bad,4
3959,Avamm,182-49-9647,4903,Ford,F-Series,Green,1993,65508.696,2,0.78,43063-024,Marshal Dulanty,Male,Clinical Specialist,661-403-8125,mdulantyk5@facebook.com,Bakersfield,United States,California,9989 Petterle Alley,2018-10-11,52164-1105,2019-02-06,Same Day,Truck,93381,jcb,3.31E+15,Very Bad,4
3113,Pixonyx,333-35-1831,3846,Mitsubishi,Challenger,Violet,1997,79972.902,2,0.75,36987-2202,Wanda Turton,Female,Biostatistician IV,239-266-4138,wturtonhi@sitemeter.com,Lehigh Acres,United States,Florida,6803 Kings Junction,2018-11-11,55154-5705,2019-05-06,Second Class,Air,33972,diners-club-enroute,4.59E+15,Very Bad,4
3987,Nlounge,141-87-7188,4555,Nissan,Maxima,Khaki,1997,71698.158,2,0.56,54868-6220,Stevie Crossingham,Male,Budget/Accounting Analyst IV,818-954-8445,scrossinghampr@illinois.edu,Van Nuys,United States,California,5 Scoville Terrace,2018-11-11,63395-201,2019-05-06,Same Day,Truck,91411,diners-club-enroute,2.14E+15,Okay,4
1313,Livetube,587-23-0953,4511,Toyota,Previa,Purple,1995,82402.848,2,0.56,51079-086,Aluino Jodkowski,Male,Graphic Designer,317-959-1081,ajodkowskimx@networkadvertising.org,Indianapolis,United States,Indiana,381 Monica Lane,2018-11-11,64942-1160,2019-05-06,Second Class,Air,46278,jcb,2.00E+15,Okay,4
1138,Jabbersphere,215-35-2226,4163,Buick,Lucerne,Indigo,2011,83040.021,2,0.53,11822-0450,Melitta Dulany,Female,Budget/Accounting Analyst IV,650-872-5300,mdulanyfn@storify.com,Redwood City,United States,California,6193 Starling Trail,2018-11-11,68258-7980,2019-05-06,First Class,Truck,94064,jcb,1.52E+15,Okay,4
3233,Babbleblab,123-42-8616,3773,Subaru,Forester,Red,2007,66811.914,1,0.71,0456-0095,Cornelius Hirthe,Male,Internal Auditor,304-554-2052,chirthefr@goo.ne.jp,Huntington,United States,West Virginia,3032 Maple Wood Way,2018-11-11,76113-012,2019-05-06,Same Day,Air,25721,jcb,4.07E+15,Bad,4
1993,Fliptune,703-40-7061,3793,Oldsmobile,Bravada,Orange,1997,89603.784,1,0.74,13537-113,Heath Cordingly,Female,Computer Systems Analyst I,423-165-4353,hcordinglynv@is.gd,Kingsport,United States,Tennessee,294 Huxley Terrace,2018-11-11,14783-434,2019-03-06,Standard Class,Air,37665,diners-club-enroute,2.54E+15,Very Bad,4
1391,Mynte,808-41-4378,3884,GMC,1500,Yellow,1997,83228.706,2,0.69,59011-444,Jordan Heatlie,Male,Software Test Engineer IV,719-129-4996,jheatlie7h@bluehost.com,Colorado Springs,United States,Colorado,75 South Pass,2018-11-11,49614-228,2019-03-06,Standard Class,Truck,80915,jcb,4.62E+15,Bad,4
3575,Mydeo,195-25-3503,4830,Maybach,57,Goldenrod,2005,78694.92,1,0.67,10096-0181,Jocelin Duprey,Female,Account Coordinator,513-784-2542,jdupreyay@netlog.com,Cincinnati,United States,Ohio,76063 Lerdahl Center,2018-11-11,64942-1096,2019-03-06,Standard Class,Air,45233,jcb,4.52E+15,Okay,4
1042,Jayo,304-18-2648,3870,Mazda,Miata MX-5,Crimson,2005,89057.178,1,0.76,55700-020,Gabriello Hegdonne,Male,Technical Writer,316-891-9761,ghegdonne2j@eepurl.com,Wichita,United States,Kansas,93 Schiller Terrace,2018-11-11,58118-0017,2019-05-06,Standard Class,Air,67230,jcb,1.30E+15,Very Bad,4
1765,Skipstorm,172-43-5210,4256,Mitsubishi,Truck,Maroon,1985,76438.53,1,0.76,49778-002,Agnes Woolmer,Female,Analyst Programmer,406-956-0909,awoolmer9b@webnode.com,Bozeman,United States,Montana,63388 New Castle Junction,2018-11-11,61601-1127,2019-05-06,Second Class,Air,59771,visa,4.54E+15,Bad,4
1212,Buzzshare,175-14-8297,4834,Mercedes-Benz,300SD,Red,1993,70598.799,2,0.76,0781-5527,Florance Knapp,Female,Health Coach III,508-178-7551,fknappa8@unicef.org,Brockton,United States,Massachusetts,2103 Doe Crossing Alley,2018-11-11,13668-344,2019-05-06,Same Day,Air,2405,jcb,3.33E+15,Bad,4
1181,Feednation,659-21-0151,4219,Lotus,Elise,Maroon,2004,81725.607,1,0.66,11673-027,Tiebold Brinson,Male,Programmer IV,916-389-4023,tbrinsoncz@nifty.com,Sacramento,United States,California,6 Garrison Parkway,2018-12-11,36987-1664,2019-06-06,First Class,Truck,94286,mastercard,3.84E+15,Bad,4
2674,Gevee,702-53-2175,4391,Mitsubishi,Pajero,Purple,1998,64395.918,2,0.69,55154-2431,Chloe Munnion,Female,Business Systems Development Analyst,812-113-7971,cmunnionk9@goodreads.com,Terre Haute,United States,Indiana,1 Golden Leaf Court,2018-12-11,54973-0617,2019-06-13,First Class,Truck,47805,jcb,4.38E+15,Very Bad,4
3942,Divavu,202-80-8923,4625,Toyota,Highlander,Yellow,2008,86097.366,2,0.57,68382-795,Russ Hamon,Male,Database Administrator IV,503-155-0778,rhamonqg@nytimes.com,Beaverton,United States,Oregon,60322 Bultman Point,2018-12-11,59067-001,2019-06-13,Second Class,Truck,97075,jcb,1.37E+15,Very Bad,4
1889,Edgeblab,403-92-5398,4022,Isuzu,VehiCROSS,Purple,2001,85539.222,2,0.73,36987-2245,Daisi Lindroos,Female,Cost Accountant,682-508-4887,dlindroosp7@odnoklassniki.ru,Fort Worth,United States,Texas,871 Delladonna Court,2018-12-11,62011-0140,2019-06-13,Second Class,Truck,76192,jcb,1.96E+15,Okay,4
3142,Divavu,140-89-4888,3578,Acura,ZDX,Khaki,2010,84408.219,1,0.64,53489-590,Nikaniki Ciccottini,Female,Web Designer I,713-180-4911,nciccottinin9@hugedomains.com,Houston,United States,Texas,551 Springview Point,2018-11-11,68788-9841,2019-06-14,Same Day,Air,77281,diners-club-carte-blanche,1.26E+15,Very Bad,4
1072,Ainyx,222-96-0060,4373,Mazda,MX-3,Purple,1994,83945.106,1,0.58,66497-0001,Maxim Aizlewood,Male,Biostatistician I,323-142-1369,maizlewood4e@posterous.com,Long Beach,United States,California,49 Maryland Center,2018-10-11,11716-0003,2019-06-15,Second Class,Air,90810,jcb,3.87E+15,Good,4
3676,Meetz,306-07-7616,4621,Mercury,Capri,Pink,1986,80333.991,1,0.67,68788-9203,Lazaro Gouinlock,Male,Project Manager,916-833-8515,lgouinlockec@bloglines.com,Sacramento,United States,California,292 Crowley Hill,2018-11-11,41250-829,2019-06-16,First Class,Truck,94286,maestro,1.99E+15,Very Good,4
2968,Yabox,139-07-9700,3907,Audi,S4,Orange,2001,82628.838,1,0.49,68258-6100,Brandy Marcome,Male,Developer IV,315-173-5833,bmarcome6f@seesaa.net,Syracuse,United States,New York,2470 Northwestern Center,2018-11-11,76439-142,2019-06-16,First Class,Truck,13205,visa-electron,2.36E+15,Okay,4
1604,Photobug,266-97-6904,3743,Saab,09-May,Yellow,2006,66494.115,1,0.49,59062-1227,Karalee Lackmann,Female,Quality Control Specialist,626-290-6033,klackmann5n@jalbum.net,Pasadena,United States,California,0384 Talmadge Place,2018-11-11,63402-515,2019-06-16,Second Class,Truck,91199,jcb,3.89E+15,Very Bad,4
3936,Rooxo,184-89-9088,3890,Dodge,Stratus,Indigo,1997,73916.676,2,0.51,0067-6045,Onofredo Breede,Male,Programmer Analyst I,510-830-2761,obreede3c@people.com.cn,Berkeley,United States,California,36 Melrose Parkway,2018-11-11,11822-0442,2019-06-16,Same Day,Air,94705,mastercard,2.39E+15,Good,4
3232,Browsetype,585-61-2229,4702,Saturn,VUE,Mauv,2003,73219.104,2,0.48,59779-600,Franzen Kirkman,Male,Staff Accountant III,917-113-9791,fkirkmanpn@edublogs.org,Jamaica,United States,New York,257 Anzinger Place,2018-11-11,30142-198,2019-06-16,First Class,Air,11470,americanexpress,1.88E+15,Bad,4
3095,Skynoodle,161-02-5895,4365,Dodge,Stratus,Green,2003,76409.154,2,0.61,11716-8653,Madelyn Feathersby,Female,Internal Auditor,321-243-9957,mfeathersbyim@qq.com,Melbourne,United States,Florida,3155 Clemons Terrace,2018-12-11,50458-178,2019-06-17,Same Day,Truck,32919,switch,4.85E+15,Very Bad,4
1597,Wordify,535-09-1446,4248,Chevrolet,Suburban 1500,Purple,1997,68938.677,2,0.58,49288-0302,Ody Karolczyk,Male,Office Assistant II,608-727-7360,okarolczyk3j@goo.gl,Madison,United States,Wisconsin,23 Kenwood Junction,2018-12-11,68428-112,2019-06-17,First Class,Truck,53710,jcb,2.45E+15,Okay,4
3435,Kazu,780-47-0245,4914,Pontiac,Montana,Purple,2006,84617.298,1,0.69,76433-002,Eran Meece,Female,Help Desk Operator,203-979-0342,emeece4n@stumbleupon.com,Waterbury,United States,Connecticut,4 Ruskin Alley,2018-12-11,75987-021,2019-06-17,Second Class,Air,6721,instapayment,4.05E+15,Okay,4
3326,Livefish,721-03-7469,3896,Infiniti,Q,Yellow,2006,69437.655,2,0.55,42507-944,Cedric Le Gallo,Male,Professor,916-656-9509,cleh2@elpais.com,Sacramento,United States,California,84 American Park,2018-12-11,66467-9730,2019-06-17,Second Class,Truck,95838,switch,4.47E+15,Bad,4
2768,Realcube,231-12-3580,3653,Land Rover,Range Rover Sport,Red,2012,78928.155,2,0.76,57520-0401,Weider Dinnis,Male,VP Accounting,765-942-8689,wdinnisrg@webs.com,Crawfordsville,United States,Indiana,7 Lakewood Gardens Parkway,2018-12-11,0603-2213,2019-06-17,Same Day,Truck,47937,jcb,3.09E+15,Very Bad,4
1801,Zoovu,742-59-6791,4198,BMW,Z3,Khaki,1999,82277.424,1,0.54,36987-1348,Tonie Gueste,Female,Recruiting Manager,302-244-4452,tguesterl@google.de,Wilmington,United States,Delaware,7216 Reindahl Way,2018-12-11,0517-0725,2019-06-17,First Class,Truck,19810,jcb,2.34E+15,Very Good,4
2982,Kayveo,320-86-5969,3775,Chevrolet,Express 2500,Red,1996,85228.758,2,0.75,50268-453,Moira Bearward,Female,Chemical Engineer,704-898-9941,mbearwardn7@census.gov,Charlotte,United States,North Carolina,68 Dixon Place,2018-12-11,49349-015,2019-06-17,Second Class,Air,28220,mastercard,2.24E+15,Very Good,4
2045,Twitterlist,150-57-2640,3581,Chevrolet,Suburban 1500,Maroon,2001,78367.203,2,0.72,68752-025,Agathe Vanelli,Female,Assistant Professor,775-698-1030,avanelli7j@cisco.com,Reno,United States,Nevada,40 Waywood Junction,2018-11-13,55154-9429,2019-06-18,Same Day,Truck,89550,diners-club-enroute,4.89E+15,Bad,4
2487,Yotz,262-07-1668,4882,Toyota,RAV4,Green,2001,87077.493,2,0.66,0268-6699,Fernandina Wadley,Female,Desktop Support Technician,239-826-7143,fwadleyiy@cafepress.com,Fort Myers,United States,Florida,47960 Gateway Alley,2018-11-13,63736-918,2019-06-18,Standard Class,Truck,33913,americanexpress,2.25E+15,Very Bad,4
3331,Twitterworks,135-09-6171,4360,Mercedes-Benz,SL-Class,Yellow,2011,82328.013,1,0.71,53603-1006,Gonzales Shoard,Male,Community Outreach Specialist,915-824-4121,gshoard4v@example.com,El Paso,United States,Texas,6 Anthes Avenue,2018-11-14,68788-0686,2019-06-19,Standard Class,Truck,88558,mastercard,2.39E+15,Very Bad,4
2537,Abatz,458-83-1338,3802,Dodge,Ram 2500,Orange,2007,86636.889,1,0.52,58214-100,Kevina Biggin,Female,Compensation Analyst,215-821-7480,kbigginr0@multiply.com,Philadelphia,United States,Pennsylvania,8 Shopko Avenue,2018-11-14,25021-117,2019-06-19,Second Class,Truck,19131,jcb,2.68E+15,Okay,4
1220,Devshare,711-83-0671,4799,Cadillac,DeVille,Blue,1999,75211.524,1,0.74,64679-273,James Dikels,Male,Quality Engineer,304-636-1546,jdikelsr2@example.com,Huntington,United States,West Virginia,6 Hazelcrest Alley,2018-11-14,54416-005,2019-06-19,Standard Class,Truck,25705,jcb,3.10E+15,Okay,4
3436,Meetz,405-70-6603,3658,BMW,Z3,Green,2001,80829.054,1,0.78,15127-550,Germaine Quincey,Female,Accountant I,202-125-5205,gquinceyco@dell.com,Washington,United States,District of Columbia,16885 Forest Drive,2018-11-15,0093-0173,2019-06-20,First Class,Air,20067,mastercard,2.11E+15,Good,4
3638,Quimba,796-01-3998,4392,Mitsubishi,Pajero,Fuscia,2003,63497.457,2,0.62,52125-595,Orville Argyle,Male,Executive Secretary,330-379-8821,oargyleqt@cmu.edu,Akron,United States,Ohio,03 Westend Lane,2018-11-15,48951-6044,2019-06-20,Same Day,Air,44329,jcb,1.60E+15,Bad,4
3004,Mydeo,458-63-5737,4746,Subaru,Baja,Indigo,2004,63713.817,1,0.7,36987-2585,Yvon Hodgin,Male,Staff Accountant I,573-595-0416,yhodginl5@wp.com,Columbia,United States,Missouri,3297 Dahle Lane,2018-11-16,55758-005,2019-06-21,First Class,Truck,65211,instapayment,1.37E+15,Bad,4
3921,Avaveo,204-59-9604,3986,Lexus,IS-F,Green,2012,71816.157,1,0.63,0002-4465,Minerva Noir,Female,Safety Technician II,317-472-9307,mnoirfc@mlb.com,Indianapolis,United States,Indiana,8958 Glacier Hill Crossing,2018-11-16,10742-8368,2019-06-21,Same Day,Air,46221,jcb,1.30E+15,Bad,4
1717,Tanoodle,141-19-4186,4329,Mitsubishi,Cordia,Mauv,1986,69237.108,1,0.55,50742-152,Yolanda Hick,Female,Information Systems Manager,302-891-3167,yhickby@digg.com,Newark,United States,Delaware,39415 Mockingbird Crossing,2018-11-17,60709-101,2019-06-22,Standard Class,Air,19714,jcb,3.20E+15,Very Bad,4
2852,Kanoodle,556-07-8839,4139,Mercedes-Benz,S-Class,Puce,1998,73912.644,2,0.59,68151-0329,Georgiana Basilone,Female,Cost Accountant,813-683-0121,gbasilone3s@gmpg.org,Tampa,United States,Florida,5183 Russell Park,2018-11-17,64536-1269,2019-06-22,First Class,Truck,33633,jcb,1.47E+15,Very Bad,4
1156,Youfeed,230-94-0683,4363,Kia,Rio,Blue,2013,63130.581,2,0.77,54868-6090,Sanderson Gillino,Male,Administrative Officer,915-152-1877,sgillinoqv@geocities.jp,El Paso,United States,Texas,6 Kipling Center,2018-11-17,12830-739,2019-06-22,Standard Class,Air,79940,switch,4.61E+15,Bad,4
1096,Innotype,674-69-5280,4773,Nissan,Maxima,Turquoise,2009,67492.557,1,0.54,0065-0643,Theodoric Padley,Male,Staff Accountant III,323-363-3595,tpadley2h@usda.gov,Los Angeles,United States,California,627 Elmside Alley,2018-11-18,0462-0395,2019-06-23,Standard Class,Truck,90025,mastercard,2.24E+15,Very Bad,4
1214,Abata,517-15-7183,3509,GMC,2500 Club Coupe,Puce,1993,83682.333,1,0.61,0699-7051,Francois Tankard,Male,Office Assistant II,312-298-1026,ftankard4p@reddit.com,Chicago,United States,Illinois,382 Ludington Court,2018-11-18,53808-0369,2019-06-23,Standard Class,Truck,60614,jcb,2.23E+15,Okay,4
2708,Podcat,236-74-8866,4606,Dodge,Ram Van 3500,Turquoise,2001,64409.544,1,0.69,57664-229,Gare Flaherty,Male,Cost Accountant,813-847-6221,gflahertyqm@facebook.com,Tampa,United States,Florida,082 Warbler Court,2018-11-18,0832-1072,2019-06-23,Same Day,Truck,33686,jcb,2.77E+15,Very Bad,4
2051,Jaloo,370-46-8661,3971,Lincoln,LS,Mauv,2003,77445.315,1,0.64,67692-148,Troy Scoon,Male,Speech Pathologist,212-167-7718,tscoong2@fc2.com,New York City,United States,New York,2 Dahle Alley,2018-11-18,55648-967,2019-06-23,Standard Class,Truck,10160,switch,4.63E+15,Bad,4
3649,Voonder,603-50-4595,4300,Pontiac,G6,Yellow,2008,68718.708,2,0.69,59762-6722,Berny Haucke,Female,Automation Specialist IV,719-585-2765,bhauckeh5@nasa.gov,Pueblo,United States,Colorado,327 Debra Junction,2018-11-19,53057-010,2019-06-24,Same Day,Truck,81010,jcb,4.29E+15,Bad,4
3929,Livefish,755-67-7009,3759,Dodge,Ram 2500,Turquoise,2007,79185.006,1,0.73,37808-230,Bonita Veracruysse,Female,Geological Engineer,302-210-1844,bveracruysseqj@google.com.hk,Newark,United States,Delaware,4 Southridge Drive,2018-11-19,55319-107,2019-06-24,First Class,Truck,19725,bankcard,3.68E+15,Bad,4
3211,Yabox,250-42-0967,4044,Oldsmobile,Ciera,Violet,1993,76515.111,1,0.75,64117-252,Niels Bushe,Male,Desktop Support Technician,205-400-8698,nbushe28@kickstarter.com,Birmingham,United States,Alabama,6925 Tomscot Road,2018-11-20,64455-994,2019-06-25,Second Class,Truck,35263,jcb,3.71E+15,Very Bad,4
1731,Skynoodle,292-72-2472,3665,Chevrolet,Suburban,Blue,2008,86716.116,2,0.56,34645-4001,Gunar Gobeaux,Male,Statistician IV,202-458-6400,ggobeauxjj@mail.ru,Washington,United States,District of Columbia,29810 Bunting Avenue,2018-11-20,68788-9777,2019-06-25,First Class,Truck,20067,americanexpress,4.20E+15,Bad,4
1633,Rooxo,238-97-7709,4917,Honda,Accord Crosstour,Crimson,2011,69940.746,1,0.72,21695-285,Reinhard Leachman,Male,Budget/Accounting Analyst III,713-561-9214,rleachman6d@parallels.com,Houston,United States,Texas,454 Oak Trail,2018-11-20,54868-4850,2019-06-25,First Class,Truck,77260,jcb,3.70E+15,Very Bad,4
1198,Myworks,212-40-8303,3538,Pontiac,Trans Sport,Goldenrod,1991,71693.379,1,0.52,51655-102,Karim Rosevear,Male,Cost Accountant,417-977-7996,kroseveareu@furl.net,Springfield,United States,Missouri,5 Prairie Rose Lane,2018-11-20,63323-127,2019-06-25,Same Day,Truck,65805,jcb,2.17E+15,Very Bad,4
2960,Zoomcast,298-96-3484,3719,Ford,Econoline E350,Teal,1996,77683.239,1,0.77,0378-0145,Grady Goldsby,Male,Tax Accountant,701-443-1209,ggoldsbyr8@printfriendly.com,Grand Forks,United States,North Dakota,24760 Ridge Oak Road,2018-11-21,51672-1293,2019-06-26,Standard Class,Air,58207,mastercard,4.02E+15,Bad,4
3700,Aivee,575-74-5075,4242,Audi,S5,Turquoise,2011,64079.415,1,0.69,10019-035,Sanderson Northbridge,Male,Physical Therapy Assistant,410-661-4453,snorthbridgenw@businessweek.com,Baltimore,United States,Maryland,682 7th Center,2018-11-21,54569-0355,2019-06-26,Standard Class,Air,21211,diners-club-us-ca,2.96E+15,Bad,4
2115,Edgeify,174-18-0829,4120,Toyota,4Runner,Mauv,2006,84665.187,2,0.71,41520-981,Cordelie Maes,Female,Actuary,478-973-9273,cmaesbf@soundcloud.com,Macon,United States,Georgia,5063 Hagan Way,2018-11-23,0781-2693,2019-06-28,First Class,Air,31296,jcb,3.67E+15,Bad,4
2987,Feedbug,190-53-8819,4601,BMW,M3,Indigo,2001,74223.585,2,0.69,51386-300,Garrard Vonderdell,Male,Human Resources Manager,609-574-1193,gvonderdellgh@sfgate.com,Trenton,United States,New Jersey,88 Lunder Place,2018-11-24,0781-9404,2019-06-29,Second Class,Air,8650,jcb,1.85E+15,Okay,4
3808,Tambee,502-87-4013,4234,Eagle,Talon,Yellow,1990,82072.017,2,0.57,22700-143,Cherrita Ebi,Female,Quality Engineer,202-842-9921,cebify@goo.gl,Washington,United States,District of Columbia,35 Novick Street,2018-11-24,36987-1842,2019-06-29,Same Day,Air,20470,jcb,4.02E+15,Bad,4
3152,Realbuzz,386-21-5313,3940,Toyota,Celica,Puce,1997,63295.92,2,0.54,49349-381,Sammy Officer,Male,Quality Engineer,267-391-1500,sofficeraz@discovery.com,Philadelphia,United States,Pennsylvania,990 East Road,2018-11-24,50419-409,2019-06-29,First Class,Air,19136,jcb,2.62E+15,Bad,4
3869,Kazu,332-14-6264,3522,Maybach,57,Mauv,2005,82335.348,2,0.52,75904-3343,Cornall Canizares,Male,Teacher,217-611-7491,ccanizarespz@cloudflare.com,Springfield,United States,Illinois,1621 Sherman Center,2018-12-24,50436-6046,2019-04-30,First Class,Truck,62764,china-unionpay,4.53E+15,Very Bad,4
1824,Innotype,639-47-5189,3699,Mercedes-Benz,400SEL,Teal,1993,82296.459,1,0.66,68084-713,Stanford Rusted,Male,Editor,304-680-1408,srusted3a@wikipedia.org,Morgantown,United States,West Virginia,72451 2nd Plaza,2018-12-13,52125-266,2019-06-22,Standard Class,Air,26505,visa,4.46E+15,Very Bad,4
3886,Kwimbee,674-81-8160,4031,Volkswagen,Rabbit,Maroon,2009,79957.539,2,0.73,53746-102,Ada Strange,Female,Help Desk Operator,434-333-8356,astrange2i@java.com,Charlottesville,United States,Virginia,864 Fallview Court,2018-11-26,52731-7023,2019-06-23,Second Class,Air,22908,visa-electron,2.21E+15,Bad,4
3197,Avavee,145-89-2056,4415,Honda,Accord,Aquamarine,2007,81267.696,1,0.66,62499-395,Barrett Eminson,Male,Web Designer IV,361-869-7414,beminson17@senate.gov,Corpus Christi,United States,Texas,5399 Sunnyside Way,2018-11-27,55714-2205,2019-01-01,Standard Class,Air,78405,jcb,4.96E+15,Very Bad,4
1954,Topiclounge,870-26-5136,3586,Bentley,Continental,Pink,2007,87676.677,1,0.78,16590-036,Danika Dunkirk,Female,Programmer Analyst III,904-380-2810,ddunkirkid@salon.com,Jacksonville,United States,Florida,37 Arkansas Terrace,2018-11-27,67046-231,2019-01-01,First Class,Truck,32204,mastercard,3.78E+15,Very Bad,4
3766,InnoZ,331-64-7016,3814,GMC,Sierra 2500HD,Turquoise,2006,63741.501,1,0.71,36987-2079,Ali Repper,Female,Systems Administrator IV,512-811-0997,areppernb@about.com,Austin,United States,Texas,537 Homewood Avenue,2018-11-27,55154-5896,2019-01-01,Standard Class,Truck,78710,jcb,1.77E+15,Bad,4
2704,Flashset,233-78-1949,3917,Dodge,Ram 1500 Club,Red,1996,84583.494,2,0.64,51143-213,Ahmad McNiven,Male,VP Quality Control,410-934-9054,amcnivenq@360.cn,Baltimore,United States,Maryland,237 7th Parkway,2018-11-27,59779-169,2019-01-01,Same Day,Air,21281,china-unionpay,2.31E+15,Very Bad,4
3804,Cogibox,163-82-3073,4680,Mazda,Protege,Crimson,1997,72762.147,1,0.67,0409-7139,Guss Yetman,Male,Data Coordiator,937-288-5806,gyetmanop@flavors.me,Springfield,United States,Ohio,7 Pearson Parkway,2018-11-27,0002-7502,2019-01-01,Standard Class,Truck,45505,jcb,2.90E+15,Very Bad,4
2770,Blogspan,632-63-7005,3660,Nissan,Rogue,Blue,2008,89439.84,2,0.49,51060-009,Ted Schroter,Female,Quality Control Specialist,754-589-8037,tschroter1k@nature.com,Fort Lauderdale,United States,Florida,9 Darwin Trail,2018-11-27,0280-6091,2019-01-01,Second Class,Air,33355,bankcard,2.89E+15,Bad,4
2974,Buzzdog,351-97-3917,3546,Toyota,Corolla,Aquamarine,2004,68270.742,2,0.56,37000-352,Liuka Dundin,Female,Desktop Support Technician,615-169-0681,ldundini@hc360.com,Murfreesboro,United States,Tennessee,8972 Rieder Terrace,2018-11-27,0363-0459,2019-01-01,First Class,Air,37131,jcb,1.74E+15,Very Bad,4
1045,Feednation,540-24-4522,4010,Chevrolet,Corvette,Purple,1962,69757.578,2,0.68,60505-0265,Linet Bastock,Female,Civil Engineer,212-446-0443,lbastock95@rambler.ru,New York City,United States,New York,20616 Dakota Point,2018-11-28,0591-5621,2019-02-01,Second Class,Air,10115,diners-club-carte-blanche,2.56E+15,Bad,4
2796,Photobug,474-81-0976,4967,Mitsubishi,Excel,Pink,1989,78498.972,1,0.58,0781-5608,Clemence Freddi,Female,Registered Nurse,585-715-8353,cfreddiq4@gov.uk,Rochester,United States,New York,43479 Stoughton Alley,2018-11-28,49035-176,2019-02-01,Same Day,Air,14646,switch,1.68E+15,Okay,4
2152,Topicware,735-51-0771,4774,Chevrolet,Express 3500,Fuscia,1998,86201.775,1,0.69,67046-806,Linoel Kingsmill,Male,Staff Scientist,419-247-9627,lkingsmill6c@reuters.com,Toledo,United States,Ohio,3034 Caliangt Road,2018-11-28,54569-2933,2019-02-01,Same Day,Air,43666,jcb,2.35E+15,Very Bad,4
2908,Plambee,738-91-2227,4784,Dodge,Caliber,Violet,2008,63115.776,1,0.75,51655-096,Crichton Coxhead,Male,Database Administrator III,973-444-8592,ccoxheadqx@ihg.com,Paterson,United States,New Jersey,052 Wayridge Court,2018-11-29,55150-119,2019-03-01,Same Day,Truck,7505,jcb,4.64E+15,Good,4
1427,Chatterbridge,819-68-9887,4330,Honda,S2000,Green,2003,74438.82,1,0.48,65691-0105,Arleta Blondelle,Female,General Manager,913-827-5744,ablondelle2r@people.com.cn,Shawnee Mission,United States,Kansas,9992 Portage Hill,2018-11-29,55648-787,2019-03-01,First Class,Truck,66286,visa,3.59E+15,Very Bad,4
3533,Browsedrive,812-70-9410,3557,Suzuki,Grand Vitara,Puce,2010,85261.842,2,0.71,25021-656,Rozanne Fanton,Female,Director of Sales,203-601-4916,rfantonqo@yahoo.com,Stamford,United States,Connecticut,1 Nobel Parkway,2018-11-30,64117-211,2019-04-01,Second Class,Truck,6905,maestro,4.25E+15,Very Bad,4
2907,Aibox,679-67-8363,4077,Mitsubishi,GTO,Purple,1999,66926.061,2,0.68,69152-0006,Ermina Brambill,Female,Operator,816-808-9158,ebrambill46@whitehouse.gov,Independence,United States,Missouri,540 Veith Parkway,2018-11-30,68770-120,2019-04-01,Second Class,Air,64054,jcb,4.64E+15,Very Bad,4
2082,Snaptags,233-97-6624,4820,Kia,Mentor,Goldenrod,1997,72671.688,2,0.6,57337-061,Haze Asple,Male,Web Developer II,210-561-1749,hasple5t@earthlink.net,San Antonio,United States,Texas,3258 Canary Parkway,2018-11-30,69097-148,2019-04-01,Same Day,Air,78225,americanexpress,4.15E+15,Okay,4
2046,Snaptags,676-43-8841,3975,Pontiac,Bonneville,Fuscia,1991,69646.086,1,0.55,0781-5385,Ignazio Casetti,Male,Human Resources Assistant I,808-316-5213,icasettird@mit.edu,Honolulu,United States,Hawaii,71855 South Hill,2018-11-30,36987-1963,2019-04-01,Same Day,Air,96845,jcb,2.95E+15,Good,4
1068,Skivee,407-40-8666,4276,Subaru,XT,Maroon,1989,85584.492,1,0.67,11673-383,Gussy Gieraths,Female,Structural Analysis Engineer,310-661-1285,ggierathsgz@goo.gl,Van Nuys,United States,California,08 Straubel Trail,2018-11-30,37000-233,2019-04-01,Second Class,Truck,91406,americanexpress,2.47E+15,Bad,4
3693,Innojam,391-18-0448,4608,Subaru,XT,Pink,1991,72537.507,2,0.5,63629-4730,Jaime Roistone,Female,Structural Analysis Engineer,765-346-3393,jroistonecr@joomla.org,Muncie,United States,Indiana,86 Pleasure Lane,2018-11-30,55154-5102,2019-04-01,First Class,Truck,47306,jcb,3.94E+15,Bad,4
3186,Skippad,791-05-7061,3668,Toyota,Solara,Green,1999,89001.891,2,0.58,68151-2871,Marla Essery,Female,Accountant IV,610-255-2286,messerypy@reference.com,Reading,United States,Pennsylvania,2855 Fairview Street,2018-10-12,0178-0490,2019-05-01,First Class,Air,19605,bankcard,4.22E+15,Good,4
1187,Lazz,438-56-6113,4002,GMC,Yukon XL 1500,Pink,2002,85604.067,2,0.63,54340-779,Madelon Ambroz,Female,Design Engineer,818-652-8669,mambroz7w@de.vu,Torrance,United States,California,90567 Arizona Terrace,2018-10-12,0440-8505,2019-05-01,Same Day,Air,90510,jcb,4.73E+15,Very Good,4
1117,Twinder,842-36-7675,3512,Saab,09-May,Indigo,2006,88856.595,1,0.76,51346-083,Teressa Pittle,Female,Actuary,785-770-9514,tpittlemq@netvibes.com,Topeka,United States,Kansas,23 Drewry Place,2018-10-12,10424-152,2019-05-01,First Class,Truck,66617,jcb,3.65E+15,Very Good,4
1428,Oba,157-64-6315,4049,GMC,3500 Club Coupe,Purple,1994,83018.637,1,0.78,0113-0973,Becky Karppi,Female,Account Executive,347-898-2504,bkarppif4@omniture.com,Brooklyn,United States,New York,88 Toban Road,2018-10-12,16590-609,2019-06-01,Standard Class,Air,11241,instapayment,2.70E+15,Okay,4
3086,Blogpad,678-37-2454,4978,Mercedes-Benz,CLS-Class,Crimson,2010,88108.929,1,0.68,0409-0219,Adams Kaaskooper,Male,Structural Analysis Engineer,702-892-2638,akaaskoopergf@japanpost.jp,Las Vegas,United States,Nevada,18153 Little Fleur Place,2018-10-12,53208-377,2019-06-01,Same Day,Truck,89105,bankcard,2.74E+15,Very Bad,4
3303,Eidel,253-89-5050,4048,Chevrolet,Astro,Yellow,1996,64930.041,1,0.73,54868-5607,Domenico Starmer,Male,Chemical Engineer,904-791-7393,dstarmer71@hatena.ne.jp,Jacksonville,United States,Florida,284 Browning Terrace,2018-10-12,21695-678,2019-07-01,First Class,Air,32225,diners-club-carte-blanche,4.60E+15,Very Good,4
2169,Jamia,463-66-8301,4857,Isuzu,Trooper,Maroon,1992,66557.511,2,0.53,61010-5400,Carlos Giovanni,Male,Senior Developer,520-847-1547,cgiovannijo@nasa.gov,Tucson,United States,Arizona,544 Mandrake Junction,2018-10-12,0603-2109,2019-07-01,Second Class,Truck,85715,diners-club-enroute,4.39E+15,Good,4
1005,Rhybox,655-21-6931,4412,Lexus,LS,Puce,1989,76208.211,2,0.52,36800-980,Milzie Sutherby,Female,Nurse Practicioner,816-434-1505,msutherbypx@army.mil,Kansas City,United States,Missouri,2034 Sommers Parkway,2018-10-12,0942-6459,2019-07-01,Same Day,Air,64109,visa-electron,1.33E+15,Bad,4
1872,Skidoo,227-14-6321,4517,Suzuki,Sidekick,Blue,1992,70319.223,1,0.73,0121-0772,Allissa Gwilt,Female,General Manager,785-599-7924,agwilt4d@blogger.com,Topeka,United States,Kansas,6245 Oakridge Plaza,2018-11-12,10742-8152,2019-02-01,Second Class,Air,66622,mastercard,3.63E+15,Very Good,4
1479,Mynte,709-54-7208,3607,Mercury,Cougar,Turquoise,1992,73677.519,1,0.71,48951-7116,Kelby Ingleton,Male,Chemical Engineer,503-707-7976,kingletonlu@stumbleupon.com,Salem,United States,Oregon,5 Roxbury Road,2018-11-12,36800-539,2019-02-01,Same Day,Truck,97306,mastercard,2.28E+15,Bad,4
1246,Katz,738-89-1467,3568,Volkswagen,Passat,Fuscia,1997,78779.772,2,0.54,43063-087,Georas Britian,Male,Analog Circuit Design manager,716-399-3309,gbritianjt@java.com,Buffalo,United States,New York,2332 Pine View Parkway,2018-11-12,54568-0262,2019-02-01,First Class,Air,14269,laser,4.88E+15,Okay,4
3753,Trunyx,794-31-5819,3738,Isuzu,Rodeo,Blue,1994,70575.867,1,0.54,0025-1851,Donelle Gwatkins,Female,VP Accounting,515-903-2317,dgwatkinsgi@hao123.com,Des Moines,United States,Iowa,6004 Graceland Street,2018-11-12,0363-0311,2019-02-01,Second Class,Truck,50330,jcb,1.89E+15,Okay,4
2481,Rhyloo,635-23-3528,4436,BMW,M3,Goldenrod,2002,79344.828,1,0.59,13537-048,Archibold Childerhouse,Male,Design Engineer,813-963-9450,achilderhouseo9@hc360.com,Tampa,United States,Florida,6 Birchwood Street,2018-11-12,0591-2805,2019-02-01,Same Day,Truck,33680,jcb,3.12E+15,Very Bad,4
1467,Yacero,191-07-5808,4873,Cadillac,Escalade EXT,Violet,2002,67564.773,1,0.71,23155-128,Brnaby Hurich,Male,Geological Engineer,313-509-3399,bhurichqh@boston.com,Detroit,United States,Michigan,156 Buhler Hill,2018-11-12,21624-001,2019-02-01,First Class,Truck,48217,diners-club-carte-blanche,3.66E+15,Good,4
1328,Feedfire,882-50-6408,4771,Buick,Century,Aquamarine,1989,63498.213,2,0.49,60681-2105,Meir Poff,Male,Design Engineer,704-708-7878,mpoff60@unesco.org,Charlotte,United States,North Carolina,472 Karstens Plaza,2018-11-12,68788-0600,2019-05-01,Same Day,Air,28210,mastercard,3.88E+15,Okay,4
2248,Midel,740-60-7848,4646,Ford,Tempo,Mauv,1985,81553.302,1,0.65,63629-4458,Godfree Trase,Male,Assistant Media Planner,206-958-0252,gtrasemf@scribd.com,Seattle,United States,Washington,5 Westridge Alley,2018-11-12,68308-020,2019-03-01,Standard Class,Truck,98185,diners-club-enroute,2.05E+15,Very Good,4
2781,Vinte,559-86-3976,4893,Honda,Accord,Blue,2011,85609.017,1,0.71,59078-039,Judy Hunt,Female,VP Marketing,504-318-5022,jhunt37@tinypic.com,New Orleans,United States,Louisiana,364 Algoma Lane,2018-11-12,0049-4940,2019-03-01,Same Day,Truck,70160,diners-club-carte-blanche,3.46E+15,Okay,4
1992,Skilith,810-01-0459,4915,Volvo,XC60,Red,2012,87334.803,1,0.67,0168-0279,Brady Dahlen,Male,Sales Associate,310-249-1369,bdahlendd@blogs.com,Santa Monica,United States,California,0 Ridgeview Drive,2018-12-12,50988-400,2019-05-01,Second Class,Air,90410,jcb,3.33E+15,Good,4
2162,Geba,439-17-9977,4471,Audi,Q7,Green,2012,78386.643,2,0.61,55143-011,Anny Bowick,Female,VP Marketing,918-943-3464,abowickrp@wikia.com,Tulsa,United States,Oklahoma,08 Ludington Alley,2018-12-12,68180-181,2019-05-01,Second Class,Air,74141,diners-club-carte-blanche,1.72E+15,Okay,4
3946,Ainyx,737-56-6848,3503,Maserati,430,Blue,1990,73400.607,2,0.7,62932-142,Melantha Fullstone,Female,Product Engineer,425-546-8808,mfullstonemv@google.nl,Seattle,United States,Washington,0398 Blaine Hill,2018-12-12,13533-692,2019-05-01,Second Class,Air,98109,mastercard,3.10E+15,Okay,4
3551,Kazu,448-47-7655,3928,Lexus,CT,Purple,2012,73010.853,1,0.61,48951-7053,Derrik Emslie,Male,Database Administrator III,651-557-1718,demsliehy@imgur.com,Saint Paul,United States,Minnesota,7557 Mallory Circle,2018-12-12,43063-438,2019-05-01,Standard Class,Truck,55108,maestro,4.94E+15,Good,4
2638,Kare,895-97-2090,4788,Ford,F150,Pink,2004,76548.384,2,0.61,0363-0443,Sarine Curtain,Female,Media Manager IV,941-101-5303,scurtainip@latimes.com,Port Charlotte,United States,Florida,280 Warner Pass,2018-12-12,52654-0004,2019-05-01,Same Day,Truck,33954,jcb,1.59E+15,Good,4
3055,Oyonder,798-21-0070,4334,Chevrolet,Corvette,Green,1998,79490.961,2,0.69,0603-1384,Orland Morpeth,Male,Nurse,540-250-1864,omorpeth10@discuz.net,Roanoke,United States,Virginia,6 Dorton Circle,2018-12-12,47593-363,2019-05-01,Same Day,Truck,24020,maestro,2.14E+15,Very Bad,4
2614,Devshare,565-77-8895,3955,Volkswagen,Cabriolet,Goldenrod,1985,66299.202,1,0.62,52125-365,Shannah Chartre,Female,Help Desk Technician,916-188-5639,schartrepa@tamu.edu,Sacramento,United States,California,50212 Boyd Junction,2018-12-12,49349-609,2019-06-01,Standard Class,Truck,95894,switch,4.69E+15,Good,4
3179,Mynte,747-50-9079,3908,Lincoln,Town Car,Khaki,2008,69666.903,2,0.63,0904-5869,Shannan Humfrey,Male,Civil Engineer,757-497-5918,shumfreyn3@arizona.edu,Newport News,United States,Virginia,631 Ridgeview Plaza,2018-12-12,49967-006,2019-06-01,First Class,Air,23605,mastercard,2.23E+15,Good,4
1799,Eire,113-91-9167,4039,Mazda,CX-9,Violet,2012,72469.674,1,0.59,59115-056,Westley Prugel,Male,Sales Associate,417-222-7311,wprugeli5@facebook.com,Springfield,United States,Missouri,25 Morrow Plaza,2018-11-12,50268-061,2019-01-13,Standard Class,Truck,65805,visa-electron,2.39E+15,Good,4
3966,Voolith,545-10-3828,3583,Lincoln,Continental Mark VII,Goldenrod,1990,87315.363,2,0.77,57344-018,Seward Lott,Male,Financial Advisor,202-590-6322,slottai@taobao.com,Washington,United States,District of Columbia,43604 Nova Parkway,2018-10-12,60681-1005,2019-01-14,Second Class,Truck,20078,jcb,3.22E+15,Bad,4
3143,Twitternation,441-20-8117,3984,Kia,Sportage,Khaki,2002,86477.031,2,0.57,0519-1357,Caitrin Povall,Female,Web Designer IV,781-141-8847,cpovallq2@nps.gov,Newton,United States,Massachusetts,43232 Spenser Lane,2018-10-12,27437-203,2019-01-14,Second Class,Truck,2458,diners-club-international,2.45E+15,Bad,4
3845,Feedfish,146-56-0855,4253,Chevrolet,Caprice,Violet,1995,89080.038,2,0.61,50300-010,Yancy Plowell,Male,Web Designer IV,970-687-2368,yplowell9q@cbc.ca,Greeley,United States,Colorado,59 Thackeray Court,2018-10-12,24236-004,2019-01-14,Same Day,Air,80638,jcb,4.20E+15,Very Good,4
2776,Dabjam,649-52-8302,3618,Dodge,Durango,Maroon,2009,82066.239,1,0.53,60429-323,Missy Powland,Female,Administrative Assistant II,256-527-2391,mpowlandf9@slate.com,Huntsville,United States,Alabama,587 Nelson Trail,2018-11-12,43063-407,2019-01-15,Second Class,Air,35815,jcb,3.93E+15,Bad,4
1522,Wordify,371-69-6870,3877,BMW,X6,Purple,2013,70166.367,1,0.75,54162-018,Ottilie Wittman,Female,Administrative Officer,304-526-4427,owittman7@nps.gov,Charleston,United States,West Virginia,0 Sachs Court,2018-11-12,49527-013,2019-01-15,Second Class,Truck,25336,jcb,1.79E+15,Bad,4
3813,Wikivu,438-17-7753,4288,Plymouth,Prowler,Khaki,2000,82602.747,2,0.6,49283-511,Reba Sillis,Female,Account Executive,718-835-5749,rsillisbb@nbcnews.com,Bronx,United States,New York,8521 Sundown Road,2018-11-12,51393-6778,2019-01-15,First Class,Truck,10454,jcb,3.39E+15,Very Good,4