shipper_id,shipper_name,shipper_contact_details,product_id,vehicle_maker,vehicle_model,vehicle_color,vehicle_model_year,vehicle_price,quantity,discount,customer_id,customer_name,gender,job_title,phone_number,email_address,city,country,state,customer_address,order_date,order_id,ship_date,ship_mode,shipping,postal_code,credit_card_type,credit_card_number,customer_feedback,quarter_number
2149,Aimbu,361-93-5692,3708,Toyota,Highlander,Crimson,2005,83866.55,2,0.73,69161-002,Dimitry Quillinane,Male,Database Administrator III,786-400-3230,dquillinanelw@ihg.com,Miami,United States,Florida,665 Derek Center,2018-07-01,48102-012,2018-11-08,Same Day,Truck,33196,jcb,4.07E+15,Okay,3
1700,Zoovu,305-82-5873,4460,Isuzu,Rodeo,Red,1992,73374.99,2,0.73,60681-2301,Berkie Tesdale,Male,Internal Auditor,217-853-3382,btesdalebw@mapquest.com,Springfield,United States,Illinois,7047 Rigney Circle,2018-08-11,52125-451,2018-11-08,Second Class,Truck,62705,solo,3.24E+15,Okay,3
3476,Feedspan,832-88-7009,3983,Mitsubishi,Truck,Yellow,1991,83244.7,1,0.69,54868-4986,Wyn Grassin,Male,VP Accounting,302-448-4966,wgrassin9s@behance.net,Wilmington,United States,Delaware,88 Doe Crossing Plaza,2018-07-01,33261-460,2019-12-08,Standard Class,Air,19810,diners-club-us-ca,2.43E+15,Good,3
3538,Buzzbean,640-88-8698,4704,Pontiac,Grand Am,Turquoise,1996,91897.26,1,0.7,0363-1024,Garald Shepland,Male,Cost Accountant,225-811-0306,gshepland2x@narod.ru,Baton Rouge,United States,Louisiana,48819 Pleasure Road,2018-07-01,45963-346,2019-12-08,Second Class,Truck,70826,mastercard,2.72E+15,Good,3
3721,Divavu,311-70-1584,3973,Toyota,Avalon,Crimson,2005,96522.74,1,0.78,36987-2864,Nolly Kayser,Male,Safety Technician I,512-542-4541,nkayser7q@privacy.gov.au,Austin,United States,Texas,52 Pawling Crossing,2018-08-01,41250-854,2018-09-12,Standard Class,Air,78721,diners-club-enroute,1.74E+15,Okay,3
1215,Oozz,186-07-8144,4591,Dodge,Viper,Puce,2004,87501.19,2,0.61,53620-101,Zea O'Dooghaine,Female,Research Associate,925-895-4232,zodooghaine48@vkontakte.ru,Concord,United States,California,79427 Victoria Plaza,2018-08-01,43742-0012,2018-08-12,Second Class,Air,94522,americanexpress,3.88E+15,Bad,3
1409,Jabberbean,445-17-2775,3628,Mercedes-Benz,CL-Class,Purple,2004,88058.94,2,0.73,21695-655,Woodie Leif,Male,Account Representative II,913-704-0217,wleifdl@time.com,Kansas City,United States,Kansas,25 Merry Road,2018-09-01,55111-220,2019-12-12,First Class,Truck,66160,americanexpress,1.91E+15,Very Bad,3
3940,Camido,410-38-2403,4493,GMC,Acadia,Teal,2007,78636.95,2,0.7,21695-975,Mirna Seedhouse,Female,Business Systems Development Analyst,212-254-7773,mseedhousehh@google.com.br,New York City,United States,New York,8320 Garrison Center,2018-09-01,55319-050,2019-12-12,Same Day,Truck,10184,jcb,4.92E+15,Good,3
2330,Fadeo,141-40-6004,4194,Suzuki,SJ,Crimson,1985,92044.91,1,0.76,43857-0294,Winny Piscot,Female,Cost Accountant,213-255-5536,wpiscotqi@wiley.com,Van Nuys,United States,California,53772 Brown Junction,2018-09-01,64117-149,2019-12-12,First Class,Air,91499,visa-electron,3.54E+15,Bad,3
3795,Blogtags,792-59-1635,3579,Volvo,V50,Goldenrod,2011,74182.73,2,0.69,43196-514,Cristian Peschka,Male,Occupational Therapist,910-835-1519,cpeschka1u@eepurl.com,Fayetteville,United States,North Carolina,1 Northland Trail,2018-07-01,0173-0838,2018-09-08,Same Day,Truck,28305,mastercard,1.65E+15,Very Bad,3
3965,Skinte,617-91-5193,4015,Toyota,Avalon,Violet,2002,91062.82,1,0.65,70253-348,Crissie Snasdell,Female,Systems Administrator III,503-968-8316,csnasdell8r@linkedin.com,Portland,United States,Oregon,06437 Manitowish Street,2018-07-01,56062-027,2018-09-08,Second Class,Truck,97296,jcb,3.55E+15,Very Good,3
1082,Feedbug,769-63-4799,4935,Mercedes-Benz,M-Class,Khaki,2012,90076.2,1,0.73,65365-005,Augy Tindle,Male,Speech Pathologist,602-602-0085,atindle8i@mapquest.com,Phoenix,United States,Arizona,6 Drewry Center,2018-07-01,0258-3687,2018-10-08,Same Day,Truck,85053,maestro,3.03E+15,Very Good,3
1194,Flipopia,322-29-9723,3840,Isuzu,Hombre,Crimson,1999,89015.98,2,0.67,49967-159,Griselda Ginnaly,Female,Sales Associate,954-456-3186,gginnaly8b@berkeley.edu,Miami,United States,Florida,9 Kennedy Way,2018-07-01,11410-800,2018-10-08,Second Class,Air,33169,jcb,4.41E+15,Bad,3
2896,Yombu,271-23-9597,4506,Honda,Accord,Green,2003,76138.32,2,0.75,49715-019,Babbette Champken,Female,Internal Auditor,205-412-9488,bchampken3h@comsenz.com,Birmingham,United States,Alabama,0078 Lyons Center,2018-07-01,42808-201,2018-10-08,Second Class,Air,35242,jcb,3.36E+15,Bad,3
2909,Trilia,228-26-7628,3674,Ford,F-Series Super Duty,Fuscia,2008,92967.74,2,0.68,41520-190,Revkah Kuschek,Female,Engineer IV,412-267-9200,rkuscheknu@cbsnews.com,Pittsburgh,United States,Pennsylvania,8 Delladonna Court,2018-07-07,28107-010,2018-11-08,Standard Class,Air,15225,jcb,2.45E+15,Bad,3
1003,Tavu,187-20-9550,4975,Ford,Focus,Violet,2003,99629.95,1,0.66,57520-0112,Saw Courtes,Male,Operator,989-409-2784,scourtesar@buzzfeed.com,Saginaw,United States,Michigan,945 Buell Crossing,2018-08-07,0527-1376,2019-12-08,First Class,Truck,48609,mastercard,3.02E+15,Bad,3
3801,Quinu,149-15-6274,3839,Audi,100,Goldenrod,1992,89138.74,2,0.67,49938-102,Lishe Healeas,Female,Programmer Analyst III,269-952-1497,lhealeas13@hhs.gov,Battle Creek,United States,Michigan,0009 Butterfield Pass,2018-08-07,16714-387,2019-12-08,Standard Class,Air,49018,maestro,3.62E+15,Bad,3
3219,Kwideo,378-01-2970,4362,Toyota,Corolla,Fuscia,2005,87237.49,1,0.65,35356-544,Avram Wallicker,Male,Compensation Analyst,607-884-5591,awallickerib@java.com,Elmira,United States,New York,63 Elgar Road,2018-09-07,0268-0710,2019-12-13,First Class,Truck,14905,diners-club-us-ca,3.50E+15,Bad,3
1131,Teklist,366-89-4882,4666,Rolls-Royce,Phantom,Crimson,2011,93090.37,1,0.67,62670-4458,Randy Gummory,Male,Social Worker,303-844-0035,rgummoryoe@altervista.org,Denver,United States,Colorado,344 Badeau Court,2018-09-07,50436-5891,2019-12-13,Same Day,Truck,80228,jcb,3.17E+15,Very Good,3
2491,Wikizz,325-86-3901,4425,Mercury,Mountaineer,Violet,2001,77386.94,1,0.63,55648-177,Agosto Amy,Male,Computer Systems Analyst IV,718-582-8080,aamyiu@google.co.uk,New York City,United States,New York,174 Northwestern Street,2018-09-07,50563-200,2019-12-13,Second Class,Truck,10009,mastercard,3.33E+15,Very Good,3
3151,Feednation,710-21-1159,4178,Aston Martin,Vantage,Crimson,2008,84941.17,1,0.62,11523-1314,Inesita Lots,Female,Tax Accountant,904-365-2848,ilotspp@amazon.com,Jacksonville,United States,Florida,9121 Mcguire Way,2018-09-07,51138-067,2019-12-13,Same Day,Truck,32209,jcb,4.27E+15,Good,3
2364,Dynazzy,652-89-6783,4066,Kia,Sorento,Purple,2011,76721.81,1,0.68,65342-0001,Bill Richten,Female,Compensation Analyst,559-377-5433,brichten3q@hatena.ne.jp,Fresno,United States,California,3523 Clyde Gallagher Junction,2018-09-01,30142-910,2019-12-14,First Class,Air,93709,maestro,4.20E+15,Very Bad,3
3059,Fivechat,331-38-7721,4437,Geo,Metro,Green,1995,95975.43,1,0.71,68105-005,Ahmed Suggett,Male,Project Manager,239-378-6349,asuggettq7@histats.com,Naples,United States,Florida,12275 Old Shore Terrace,2018-09-01,50198-2826,2019-12-14,Standard Class,Truck,34114,mastercard,3.20E+15,Very Bad,3
1486,Plajo,537-02-6248,4043,Chrysler,300,Indigo,2007,85477.5,2,0.73,52125-618,Alma Dowson,Female,Account Executive,361-685-5115,adowsonjq@cnn.com,Corpus Christi,United States,Texas,9 Columbus Street,2018-08-01,30142-770,2018-08-15,Standard Class,Truck,78415,visa,3.77E+15,Bad,3
2326,Janyx,619-51-4664,4324,Ford,Explorer Sport Trac,Teal,2007,70858.54,1,0.63,46122-245,Dwight Dome,Male,Computer Systems Analyst III,202-483-0834,ddomeks@baidu.com,Washington,United States,District of Columbia,607 Larry Pass,2018-08-01,52642-006,2018-08-15,Second Class,Air,20520,jcb,2.16E+15,Very Good,3
1550,Rhynyx,129-63-4167,4818,Infiniti,QX,Yellow,2004,80744.27,1,0.63,63629-4018,Korie Dyte,Female,Sales Associate,615-671-7755,kdytebu@reference.com,Nashville,United States,Tennessee,38 Cottonwood Circle,2018-08-01,61957-1025,2018-08-15,Second Class,Air,37205,jcb,3.61E+15,Very Good,3
2496,Jabbersphere,670-44-7335,4063,Toyota,Matrix,Goldenrod,2012,71141.72,1,0.61,0168-0277,Sheryl Flasby,Female,Marketing Assistant,757-571-4747,sflasby4l@cbsnews.com,Suffolk,United States,Virginia,92 Redwing Hill,2018-08-01,67467-182,2018-08-15,First Class,Air,23436,jcb,3.44E+15,Okay,3
3083,Zoombox,234-12-7384,4823,Chevrolet,3500,Fuscia,1995,84894.96,2,0.73,41520-851,Kristyn Rosten,Female,Recruiter,716-172-8857,krostengx@gravatar.com,Buffalo,United States,New York,09 Pepper Wood Court,2018-08-01,68788-9038,2018-08-15,Standard Class,Truck,14233,jcb,2.83E+15,Okay,3
3204,Plajo,111-12-4129,4575,Chevrolet,Silverado 3500HD,Red,2006,95090.46,1,0.67,65966-001,Cindie Nanuccioi,Female,Payment Adjustment Coordinator,713-107-9541,cnanuccioidq@gravatar.com,Houston,United States,Texas,89363 Spaight Plaza,2018-07-01,0054-0243,2018-08-16,First Class,Truck,77040,jcb,4.45E+15,Good,3
2151,Thoughtsphere,882-04-4231,4776,Cadillac,Escalade EXT,Crimson,2012,95509.11,2,0.67,53389-251,Anjanette Joselin,Female,Human Resources Manager,915-404-6100,ajoselinpf@weather.com,El Paso,United States,Texas,1802 Kinsman Avenue,2018-07-01,55154-3395,2018-08-16,Second Class,Air,79950,bankcard,3.84E+15,Very Good,3
1109,LiveZ,714-07-9190,4128,Oldsmobile,Cutlass Supreme,Teal,1993,86940.2,1,0.64,37012-484,Rockwell Cresser,Male,Assistant Manager,828-669-4882,rcresserf0@mediafire.com,Asheville,United States,North Carolina,11749 Dovetail Junction,2018-07-01,65862-134,2018-08-16,First Class,Truck,28805,visa-electron,1.75E+15,Good,3
1022,InnoZ,415-48-2318,4046,Dodge,Avenger,Yellow,1996,78151.87,2,0.71,0065-0530,Zebadiah Kewzick,Male,Media Manager III,801-624-0463,zkewzick9c@bing.com,Salt Lake City,United States,Utah,431 Butterfield Crossing,2018-07-01,76049-620,2018-08-16,First Class,Truck,84199,jcb,4.42E+15,Okay,3
2978,Quatz,328-35-3520,4200,Pontiac,Sunfire,Pink,2004,74973.65,2,0.75,68682-004,Kynthia Kettlesing,Female,Technical Writer,574-972-1049,kkettlesingeo@auda.org.au,South Bend,United States,Indiana,89409 Sherman Terrace,2018-07-13,48951-2084,2018-08-17,Standard Class,Air,46614,bankcard,4.16E+15,Very Good,3
3640,Skyba,535-89-9766,4201,Buick,Century,Purple,1991,91367.44,1,0.67,30142-462,Rosemonde Gathercole,Female,GIS Technical Architect,412-158-3036,rgathercole9k@hostgator.com,Pittsburgh,United States,Pennsylvania,42431 Algoma Drive,2018-07-13,61442-363,2018-08-17,Second Class,Air,15225,jcb,3.79E+15,Very Good,3
2391,Skyble,500-60-6665,3926,Toyota,MR2,Pink,1986,70361.22,2,0.63,76485-1007,Meir Denkel,Male,Nurse,918-216-4327,mdenkelal@liveinternet.ru,Tulsa,United States,Oklahoma,5 Lakewood Gardens Avenue,2018-07-13,63717-871,2018-08-17,Standard Class,Truck,74184,jcb,1.46E+15,Very Bad,3
1195,Yacero,423-48-3505,4348,Volvo,V40,Goldenrod,2004,81536.03,1,0.61,52686-274,Victor Ivan,Male,Graphic Designer,651-514-2942,vivan6r@bravesites.com,Saint Paul,United States,Minnesota,07 Harbort Lane,2018-07-14,031613-0459,2018-08-18,First Class,Truck,55127,jcb,2.14E+15,Good,3
3381,Zoomdog,172-98-2152,4502,Acura,MDX,Red,2009,89628.23,2,0.79,0682-0334,Tiebout Pizzey,Male,Marketing Assistant,907-140-0701,tpizzey7s@unblog.fr,Anchorage,United States,Alaska,9 Dapin Point,2018-07-14,49999-338,2018-08-18,Standard Class,Air,99522,jcb,3.18E+15,Bad,3
2995,Linktype,368-88-5947,4479,Jaguar,XK,Pink,2007,97467.17,2,0.7,61786-020,Irving Winear,Male,Speech Pathologist,202-874-9997,iwinear3t@auda.org.au,Washington,United States,District of Columbia,858 Algoma Terrace,2018-07-14,55714-4418,2018-08-18,Same Day,Truck,20392,americanexpress,2.45E+15,Good,3
3408,Feednation,254-10-4881,4744,Porsche,928,Khaki,1990,93138.32,1,0.62,0615-6557,Aile Wolfenden,Female,Accounting Assistant I,515-194-7641,awolfendenb0@studiopress.com,Des Moines,United States,Iowa,75991 John Wall Court,2018-07-15,14290-376,2018-08-19,Standard Class,Truck,50330,bankcard,4.68E+15,Okay,3
3810,Brainlounge,367-08-2475,4193,Suzuki,X-90,Mauv,1998,97848.78,1,0.65,76237-153,Cindy Gertray,Female,Recruiter,404-979-2302,cgertray6n@mapy.cz,Atlanta,United States,Georgia,01044 Dayton Center,2018-07-15,68382-022,2018-08-19,Second Class,Air,30343,maestro,2.13E+15,Very Good,3
3736,Tagfeed,615-16-7269,3596,Kia,Optima,Violet,2002,86111.3,1,0.73,24208-544,Sharron Cranna,Female,Staff Scientist,225-841-0636,scranna2b@multiply.com,Baton Rouge,United States,Louisiana,6 Melody Circle,2018-07-16,0268-6706,2018-08-20,Same Day,Air,70820,jcb,4.86E+15,Bad,3
1773,Shufflester,662-27-1304,3791,Volkswagen,New Beetle,Teal,2010,70313.29,1,0.8,0187-2205,Gena Zimek,Female,Statistician II,303-402-5682,gzimekjx@nyu.edu,Boulder,United States,Colorado,69958 Di Loreto Place,2018-07-16,55154-8273,2018-08-20,Same Day,Air,80328,bankcard,1.87E+15,Bad,3
3848,Mita,520-29-6917,4376,Volkswagen,Cabriolet,Yellow,1989,92979.58,2,0.61,50181-0038,Ibby Druhan,Female,Geological Engineer,865-635-0498,idruhanfs@devhub.com,Knoxville,United States,Tennessee,1 Dixon Avenue,2018-07-16,61245-145,2018-08-20,Same Day,Truck,37914,jcb,4.11E+15,Very Bad,3
3612,Innojam,696-80-0102,3720,Chrysler,Sebring,Orange,1999,97421.62,1,0.68,37012-335,Nollie Gazey,Male,Software Engineer III,202-113-5159,ngazeyjv@uol.com.br,Washington,United States,District of Columbia,38 Ilene Terrace,2018-07-17,16590-016,2018-08-21,Second Class,Air,20010,jcb,3.77E+15,Good,3
2206,Jatri,649-68-2842,3526,Volkswagen,Touareg 2,Khaki,2009,82980.69,2,0.6,49288-0176,Elvis Woollin,Male,GIS Technical Architect,334-720-4918,ewoollin7i@phoca.cz,Montgomery,United States,Alabama,9 Brentwood Drive,2018-07-17,55714-4409,2018-08-21,Second Class,Air,36119,visa,2.29E+15,Very Bad,3
3620,Yoveo,880-42-1897,4353,Chevrolet,Vega,Yellow,1971,81973.94,1,0.73,0378-4513,Cristen Sainthill,Female,Account Representative II,901-790-7873,csainthillh7@biblegateway.com,Memphis,United States,Tennessee,92 Sutherland Drive,2018-07-17,68788-9525,2018-08-21,First Class,Truck,38136,americanexpress,3.39E+15,Bad,3
3691,Layo,775-69-0274,3981,Volvo,V40,Orange,2002,95566.11,1,0.73,49349-336,Beverley Elstub,Female,Senior Developer,202-757-0920,belstubfg@tinyurl.com,Washington,United States,District of Columbia,9 Amoth Court,2018-07-18,0378-0344,2018-08-22,Standard Class,Air,56944,americanexpress,1.51E+15,Good,3
1542,Skibox,445-52-9552,4891,BMW,3 Series,Red,2004,80797.44,1,0.62,35356-926,Timmie Pehrsson,Male,Database Administrator II,202-296-8744,tpehrssono5@wired.com,Washington,United States,District of Columbia,0086 Eastwood Avenue,2018-07-18,54868-6296,2018-08-22,First Class,Truck,20580,diners-club-carte-blanche,1.86E+15,Very Bad,3
2240,Linklinks,494-57-4600,4140,Toyota,Camry,Turquoise,2006,79811.63,1,0.69,0781-5348,Dario Woodnutt,Male,Account Coordinator,917-667-4256,dwoodnuttlm@weather.com,Jamaica,United States,New York,66 Briar Crest Street,2018-07-18,55154-2860,2018-08-22,First Class,Air,11436,jcb,2.50E+15,Good,3
1772,Skynoodle,205-86-5112,3695,Suzuki,Forenza,Teal,2006,82698.25,2,0.72,13734-023,Mano Valeri,Male,Accountant III,727-806-4128,mvaleri7x@apple.com,Clearwater,United States,Florida,1871 Stephen Hill,2018-07-20,0135-0532,2018-08-24,Second Class,Truck,34629,jcb,2.29E+15,Okay,3
1699,Twitterworks,499-15-3729,4050,Ford,F350,Khaki,2009,85520.13,2,0.8,10096-0158,Vanni Usher,Female,Product Engineer,301-132-7936,vusher3d@paypal.com,Bethesda,United States,Maryland,571 Burning Wood Avenue,2018-07-20,76420-611,2018-08-24,Second Class,Air,20892,americanexpress,3.09E+15,Very Bad,3
1978,Camimbo,638-29-8068,3832,Subaru,Outback,Orange,2012,85613.37,1,0.79,59762-2310,Daron Hyatt,Female,Systems Administrator I,203-326-1264,dhyattox@accuweather.com,New Haven,United States,Connecticut,713 Granby Drive,2018-07-21,30142-154,2018-08-25,First Class,Air,6538,jcb,1.61E+15,Good,3
2173,Buzzshare,815-62-0700,3575,Infiniti,EX,Blue,2010,99226.75,1,0.65,0268-6701,Quentin Churchill,Male,Nuclear Power Engineer,646-507-2400,qchurchillpm@phoca.cz,Brooklyn,United States,New York,2 Mcbride Terrace,2018-07-21,42998-974,2018-08-25,Same Day,Air,11215,diners-club-carte-blanche,4.04E+15,Very Bad,3
1013,Realbridge,457-27-6078,4822,Lotus,Esprit,Violet,1988,88673.85,2,0.63,0179-0080,Ryann Kinney,Female,Accounting Assistant IV,214-632-4099,rkinneya5@home.pl,Dallas,United States,Texas,64216 Havey Alley,2018-07-22,0264-9010,2018-08-26,Second Class,Truck,75387,diners-club-enroute,4.21E+15,Okay,3
3450,Skimia,790-79-3573,4573,BMW,X5,Yellow,2002,76544.48,2,0.69,37000-555,Edd Stille,Male,Analyst Programmer,602-615-3752,estillecy@artisteer.com,Phoenix,United States,Arizona,95 Kensington Alley,2018-07-22,54868-4096,2018-08-26,Same Day,Truck,85062,instapayment,3.51E+15,Okay,3
3078,Yakijo,395-15-2207,4898,Kia,Mentor,Yellow,1997,83571.31,1,0.62,68016-115,Gian Klementz,Male,Senior Cost Accountant,203-906-8874,gklementzh8@blogtalkradio.com,Stamford,United States,Connecticut,21277 Nancy Point,2018-07-22,63629-1595,2018-08-26,Same Day,Air,6912,jcb,1.93E+15,Very Bad,3
3412,Linkbuzz,741-42-7881,3741,Dodge,Ram Van 3500,Goldenrod,2001,95981.93,2,0.63,68180-403,Lynde Kiezler,Female,Biostatistician II,205-379-8812,lkiezler1z@go.com,Birmingham,United States,Alabama,822 American Parkway,2018-07-23,10370-116,2018-08-27,First Class,Air,35231,china-unionpay,1.68E+15,Okay,3
3165,Thoughtworks,309-61-0744,4683,Chevrolet,Suburban 1500,Fuscia,2011,97268.15,2,0.8,59535-8101,Elga Ardy,Female,Junior Executive,217-914-3205,eardycs@washington.edu,Springfield,United States,Illinois,7 Pepper Wood Pass,2018-07-23,55513-924,2018-08-27,Standard Class,Air,62776,bankcard,1.48E+15,Bad,3
1755,Feedmix,353-48-6544,3749,Ford,Galaxie,Red,1964,97478.79,1,0.7,52584-053,Anselm Dunstone,Male,Desktop Support Technician,916-510-6535,adunstoneji@qq.com,Sacramento,United States,California,206 Kennedy Junction,2018-07-23,64205-006,2018-08-27,First Class,Air,95838,jcb,3.15E+15,Okay,3
2522,Devpoint,714-26-5098,4946,Maserati,Spyder,Fuscia,2004,73055.45,2,0.62,59779-101,Kelcie Scirman,Female,Marketing Assistant,202-253-3828,kscirmani2@dot.gov,Washington,United States,District of Columbia,32645 Crowley Avenue,2018-07-23,68645-021,2018-08-27,Standard Class,Truck,20540,jcb,2.82E+15,Good,3
2128,Yakitri,488-54-5386,4735,BMW,M3,Violet,2011,95623.56,2,0.68,68084-009,Carmel Gentzsch,Female,Research Nurse,336-879-7974,cgentzsch30@yahoo.co.jp,Winston Salem,United States,North Carolina,27 Debs Center,2018-07-24,0904-5186,2018-08-28,Standard Class,Air,27157,jcb,4.89E+15,Very Bad,3
2394,Browsedrive,167-36-5788,3808,Buick,Skyhawk,Puce,1984,84888.19,2,0.73,52731-7003,Austen Crowter,Male,Budget/Accounting Analyst III,215-193-0911,acrowteriv@cbsnews.com,Philadelphia,United States,Pennsylvania,22710 Stuart Terrace,2018-07-24,11489-074,2018-08-28,First Class,Truck,19191,jcb,4.91E+15,Good,3
1647,Topicshots,528-53-6691,3762,Mazda,Protege,Teal,1998,94181.73,2,0.72,0220-9081,Katusha Benet,Female,Staff Accountant IV,412-634-3631,kbeneteh@unc.edu,Pittsburgh,United States,Pennsylvania,798 Parkside Alley,2018-07-24,43742-0343,2018-08-28,First Class,Truck,15240,jcb,2.82E+15,Bad,3
2408,Realmix,841-57-3344,4374,Acura,NSX,Yellow,1993,85890.77,2,0.72,68258-8973,Mel O'Sherin,Female,Recruiter,901-953-7355,mosherin94@un.org,Memphis,United States,Tennessee,13199 Transport Court,2018-07-24,60432-604,2018-08-28,Second Class,Air,38114,visa-electron,1.67E+15,Good,3
1206,Trudeo,770-12-9213,3621,Mitsubishi,Raider,Crimson,2009,73244.16,1,0.71,50114-8500,Berkeley Roz,Male,Legal Assistant,313-711-6183,brozew@homestead.com,Detroit,United States,Michigan,355 Vernon Alley,2018-07-25,0268-1138,2018-08-29,First Class,Truck,48217,mastercard,4.62E+15,Okay,3
3473,Fivespan,857-64-8516,3831,Pontiac,Bonneville,Indigo,1968,82658.39,1,0.61,64942-0894,Benetta Matthis,Female,Associate Professor,419-317-3217,bmatthisfw@ezinearticles.com,Toledo,United States,Ohio,96 Texas Way,2018-07-25,12462-201,2018-08-29,Standard Class,Air,43656,jcb,4.29E+15,Bad,3
1102,Youspan,307-71-8958,4241,Ford,E150,Crimson,2004,99909.18,1,0.78,0430-0115,Georgiana Leimster,Female,Editor,618-607-1822,gleimstercf@xinhuanet.com,East Saint Louis,United States,Illinois,4022 West Court,2018-07-25,46122-255,2018-08-29,Same Day,Air,62205,visa-electron,1.49E+15,Bad,3
3069,Buzzshare,851-87-3453,4569,Audi,S5,Red,2012,86358.01,1,0.67,10096-0280,Barr Savage,Male,Accountant II,203-776-0898,bsavagej7@ucla.edu,Norwalk,United States,Connecticut,5 South Drive,2018-07-25,65113-2428,2018-08-29,Second Class,Air,6854,americanexpress,1.81E+15,Okay,3
3088,Photobean,820-82-9655,3948,GMC,1500,Yellow,1996,71428.8,2,0.77,0121-4675,Jourdain Kingzeth,Male,Assistant Manager,772-959-2301,jkingzeth5r@privacy.gov.au,Fort Pierce,United States,Florida,74 Maywood Place,2018-07-25,67877-169,2018-08-29,Standard Class,Air,34949,diners-club-enroute,2.95E+15,Okay,3
2253,Browsecat,195-91-9512,3780,Volvo,S60,Crimson,2003,87804.77,1,0.73,55312-571,Ivor Elphick,Male,Geologist I,704-994-0341,ielphickjw@lycos.com,Charlotte,United States,North Carolina,1 Northland Pass,2018-07-25,68151-5113,2018-08-29,Same Day,Air,28242,jcb,3.22E+15,Okay,3
1094,Fivespan,516-46-0775,4754,Volvo,V50,Puce,2010,76636.25,2,0.74,54340-809,Coleen Chalder,Female,Safety Technician IV,850-196-5273,cchalder5c@wordpress.com,Panama City,United States,Florida,2 Maple Wood Parkway,2018-07-26,0179-1435,2018-08-30,Second Class,Truck,32405,bankcard,3.58E+15,Good,3
3957,Babbleopia,361-46-9281,4247,Volvo,C70,Turquoise,2008,77976.93,1,0.64,10812-604,Hewet Stithe,Male,VP Quality Control,410-730-9421,hstithefh@smugmug.com,Baltimore,United States,Maryland,4157 Forest Dale Place,2018-07-26,0378-2017,2018-08-30,First Class,Truck,21265,jcb,3.37E+15,Good,3
1884,Feedbug,412-67-0231,4644,Volkswagen,Beetle,Orange,1965,77836.38,1,0.78,75866-306,Fergus Fransinelli,Male,Marketing Manager,915-258-8594,ffransinellip4@list-manage.com,El Paso,United States,Texas,51 Randy Center,2018-07-26,0591-3748,2018-08-30,Second Class,Truck,88519,jcb,4.22E+15,Okay,3
3971,Devpoint,699-53-1590,3914,Mercury,Lynx,Khaki,1985,85288.96,1,0.77,52549-4118,Genevra Whetson,Female,GIS Technical Architect,916-606-7109,gwhetsonrm@ucoz.com,Sacramento,United States,California,871 Judy Alley,2018-07-26,0703-4852,2018-08-30,Same Day,Truck,94297,jcb,1.49E+15,Okay,3
1043,Kwimbee,578-83-2676,4544,Volkswagen,Jetta,Yellow,1987,93847.98,2,0.69,55154-2734,Car Gerwood,Male,Recruiting Manager,850-405-8579,cgerwoodey@gizmodo.com,Tallahassee,United States,Florida,47 Mifflin Way,2018-07-27,60793-130,2018-08-31,First Class,Air,32399,maestro,1.54E+15,Very Good,3
2446,Ntags,777-91-4755,4208,Pontiac,Bonneville,Turquoise,1986,85390.58,2,0.73,65862-406,Adorne Ackroyd,Female,Administrative Assistant III,202-246-0892,aackroydkd@biblegateway.com,Washington,United States,District of Columbia,24282 Evergreen Plaza,2018-07-27,63868-093,2018-08-31,First Class,Air,20088,visa,3.28E+15,Bad,3
3074,Topdrive,736-16-2216,4510,Jeep,Compass,Red,2008,97832.84,2,0.69,49873-608,Barron Emburey,Male,Executive Secretary,661-739-2832,bembureyol@slate.com,Bakersfield,United States,California,384 Susan Junction,2018-07-28,13537-422,2018-08-19,Standard Class,Air,93305,jcb,3.39E+15,Good,3
1624,Edgewire,669-10-9388,4631,Buick,Riviera,Turquoise,1989,87218.58,1,0.76,0574-0427,Arlette Cattanach,Female,Editor,425-958-6133,acattanach3e@army.mil,Seattle,United States,Washington,10 Fair Oaks Crossing,2018-07-29,0363-0438,2018-10-09,Same Day,Air,98104,switch,3.51E+15,Bad,3
1518,Jaxbean,572-91-5758,4131,GMC,3500 Club Coupe,Puce,1996,70188.06,2,0.7,48951-6040,Cristabel Killshaw,Female,Computer Systems Analyst I,814-395-3699,ckillshaw84@seattletimes.com,Erie,United States,Pennsylvania,9 Merry Road,2018-07-29,48951-7023,2018-10-09,Second Class,Truck,16550,mastercard,3.65E+15,Bad,3
3033,Linklinks,140-74-6559,4731,Mercedes-Benz,E-Class,Fuscia,2011,86056.04,2,0.65,68345-965,Durward Hanvey,Male,Physical Therapy Assistant,904-487-0831,dhanveygo@miibeian.gov.cn,Jacksonville,United States,Florida,95 Manley Place,2018-07-29,49288-0349,2018-10-09,Same Day,Truck,32215,bankcard,3.82E+15,Bad,3
2477,Gigabox,665-01-6932,4472,Mitsubishi,L300,Aquamarine,1990,97818.59,2,0.71,68258-3024,Stearne Fullerton,Male,Web Designer III,830-895-2597,sfullerton7u@newsvine.com,San Antonio,United States,Texas,645 Bellgrove Crossing,2018-07-29,49348-847,2018-10-09,First Class,Air,78230,laser,2.29E+15,Good,3
3087,Shuffletag,501-34-1783,4809,Lamborghini,Murci�lago LP640,Goldenrod,2008,90730.17,1,0.76,14783-323,Johannes Gentzsch,Male,Editor,704-956-6488,jgentzsch70@amazon.co.jp,Charlotte,United States,North Carolina,66149 Main Terrace,2018-07-29,49967-075,2018-10-09,First Class,Air,28263,jcb,2.82E+15,Very Bad,3
2355,Feedbug,375-41-3647,3911,Mazda,MPV,Pink,1990,88206.45,1,0.63,48951-1037,Elwira Maylam,Female,Account Representative II,405-247-5112,emaylamnd@illinois.edu,Norman,United States,Oklahoma,534 8th Park,2018-07-29,52125-051,2018-10-09,Same Day,Truck,73071,jcb,2.10E+15,Okay,3
2196,Yodoo,488-80-2732,4311,Geo,Tracker,Aquamarine,1992,70183.93,1,0.68,0591-3602,Vanny Culham,Female,Compensation Analyst,214-138-2512,vculham6b@cnn.com,Dallas,United States,Texas,6 Buhler Trail,2018-07-30,49967-033,2018-11-09,First Class,Truck,75372,jcb,3.70E+15,Very Good,3
1044,Devpulse,684-93-2807,4528,Mercury,Mountaineer,Blue,2006,93524.98,1,0.63,51769-980,Chane Firks,Male,Accounting Assistant IV,203-267-8615,cfirksjp@webs.com,Stamford,United States,Connecticut,179 Pleasure Pass,2018-07-30,51815-216,2018-11-09,Same Day,Truck,6905,maestro,3.50E+15,Bad,3
2706,Cogilith,812-19-6808,3587,Suzuki,Reno,Yellow,2007,99463.07,2,0.65,68084-513,Allyce Dillamore,Female,Technical Writer,702-352-9550,adillamoreb1@washingtonpost.com,Las Vegas,United States,Nevada,9 Merrick Junction,2018-07-30,53346-1351,2018-11-09,Same Day,Truck,89105,mastercard,2.79E+15,Okay,3
2088,Eabox,193-66-4084,4728,Mitsubishi,Excel,Indigo,1989,73282.04,2,0.7,42602-003,Vanya Conwell,Female,Quality Engineer,440-528-3723,vconwelleg@forbes.com,Cleveland,United States,Ohio,9178 Talmadge Parkway,2018-07-30,67938-0942,2018-11-09,Standard Class,Air,44125,diners-club-enroute,4.82E+15,Good,3
3509,Abatz,545-33-6916,4792,Buick,Century,Turquoise,1996,82609.91,1,0.66,0268-1046,Fey Emig,Female,Assistant Media Planner,404-468-0115,femigov@cmu.edu,Atlanta,United States,Georgia,14510 Caliangt Point,2018-07-31,50268-453,2019-12-09,Same Day,Truck,30380,jcb,4.66E+15,Very Good,3
2792,Realpoint,562-17-2875,3976,Volkswagen,Eurovan,Blue,1994,84919.98,1,0.68,24987-437,Boycie Seed,Male,Project Manager,713-159-7116,bseedre@nasa.gov,Houston,United States,Texas,7 Mendota Avenue,2018-07-31,55154-3226,2019-12-09,First Class,Truck,77281,diners-club-carte-blanche,3.24E+15,Very Good,3
2869,Kwilith,697-38-4356,4270,Audi,A4,Khaki,1998,71980.56,2,0.69,55316-994,Emilio Bontoft,Male,Dental Hygienist,239-983-3689,ebontoftad@uiuc.edu,Naples,United States,Florida,3124 East Terrace,2018-07-31,60637-013,2019-12-09,Standard Class,Truck,34102,jcb,2.00E+15,Very Bad,3
1098,Babbleopia,269-87-2914,3584,Chevrolet,Impala,Violet,1996,79950.13,1,0.71,16714-613,Way Feild,Male,Senior Editor,281-744-9410,wfeildmc@tinyurl.com,Houston,United States,Texas,310 Carpenter Hill,2018-07-31,66336-393,2019-12-09,First Class,Air,77293,jcb,3.66E+15,Very Bad,3
3062,Brainbox,259-91-4608,4722,Saab,9000,Puce,1987,89156.58,2,0.72,60432-455,Angelica Bohman,Female,Software Engineer IV,949-537-9763,abohmanmm@wp.com,Irvine,United States,California,5829 Evergreen Place,2018-08-08,0093-1026,2018-11-09,First Class,Air,92619,jcb,1.74E+15,Bad,3
2524,Dabtype,829-52-3416,3799,Chevrolet,Malibu,Puce,2013,91029.1,2,0.64,52686-320,Bucky Lappine,Male,Accountant II,206-766-7618,blappine58@amazon.com,Seattle,United States,Washington,54 Gateway Court,2018-09-08,54868-3363,2018-11-09,First Class,Truck,98195,jcb,4.83E+15,Good,3
1757,Oba,302-77-3424,4304,Ferrari,612 Scaglietti,Mauv,2010,74364.7,2,0.63,58118-0517,Laryssa Krystek,Female,Executive Secretary,918-874-0387,lkrystekh1@globo.com,Tulsa,United States,Oklahoma,92 Manitowish Drive,2018-07-08,0172-3759,2019-12-09,Second Class,Air,74156,diners-club-enroute,3.61E+15,Very Good,3
3161,Aivee,759-95-6944,3821,Pontiac,Grand Am,Fuscia,1988,98148.53,2,0.76,60429-369,Chandler Hawkett,Male,GIS Technical Architect,410-264-7720,chawkett86@sciencedirect.com,Ridgely,United States,Maryland,373 Green Lane,2018-07-08,15127-989,2019-12-09,Same Day,Truck,21684,maestro,1.64E+15,Okay,3
2643,Wikizz,705-72-6800,4828,Dodge,Ram 1500,Teal,1994,72043.78,1,0.76,52533-024,Elsa Fayter,Female,Senior Financial Analyst,915-832-1634,efayter5w@disqus.com,El Paso,United States,Texas,52 Dryden Plaza,2018-07-08,21695-604,2019-12-09,First Class,Air,79950,visa-electron,1.77E+15,Good,3
3492,Skilith,439-37-5086,4462,Nissan,370Z,Mauv,2009,90638.34,2,0.6,54868-6077,Osgood Dunkerk,Male,Safety Technician IV,785-367-0967,odunkerk2p@bravesites.com,Topeka,United States,Kansas,01 Quincy Pass,2018-07-08,31722-731,2019-12-09,Second Class,Air,66629,bankcard,1.64E+15,Very Good,3
3887,Photojam,154-42-3936,4986,Chevrolet,Camaro,Yellow,2010,91677.79,2,0.78,53150-411,Caro Pettegre,Female,Administrative Assistant II,734-983-0921,cpettegre1p@un.org,Detroit,United States,Michigan,6 Melby Street,2018-07-08,54868-6209,2019-12-09,Second Class,Air,48211,china-unionpay,4.43E+15,Very Good,3
1007,Katz,815-87-7868,4634,Volvo,S40,Mauv,2001,98256.4,1,0.73,0363-0604,Tadeo Pyson,Male,Geological Engineer,202-145-2061,tpysonps@marketwatch.com,Washington,United States,District of Columbia,362 Lighthouse Bay Plaza,2018-09-08,0093-5539,2019-12-09,Same Day,Air,20005,americanexpress,3.58E+15,Very Good,3
2585,Rooxo,280-59-1168,4764,Buick,Century,Pink,1999,91443.42,2,0.71,42627-229,Sophey Chaves,Female,Information Systems Manager,785-699-5753,schaves8g@apple.com,Topeka,United States,Kansas,302 Eastlawn Junction,2018-09-08,40085-215,2019-12-09,First Class,Air,66611,visa,1.83E+15,Okay,3
3993,Skippad,433-14-4266,3677,Mitsubishi,Eclipse,Blue,1991,92787.92,2,0.77,36987-2212,Jessee Lidgely,Male,Internal Auditor,206-932-3656,jlidgelydf@disqus.com,Seattle,United States,Washington,60 Menomonie Drive,2018-09-08,55154-6027,2019-12-09,Standard Class,Air,98195,jcb,4.85E+15,Bad,3
3823,Fatz,523-80-9887,4673,Nissan,Sentra,Pink,1999,99288.67,2,0.72,29149-001,Ericha Hagard,Female,Account Representative IV,602-305-8027,ehagard2c@elpais.com,Phoenix,United States,Arizona,364 Buhler Avenue,2018-09-08,66715-9735,2019-12-09,Same Day,Air,85099,mastercard,3.98E+15,Very Bad,3
2389,Katz,825-05-0743,4478,Volvo,850,Orange,1994,81891.92,2,0.66,41250-117,Shadow Blaiklock,Male,Research Associate,212-787-4683,sblaiklockiq@myspace.com,New York City,United States,New York,5876 Corben Trail,2018-07-08,24208-732,2018-09-09,Standard Class,Truck,10275,bankcard,2.06E+15,Okay,3
2205,Plajo,788-72-4318,4458,Volvo,XC70,Mauv,2011,80360.97,2,0.79,49349-774,Kaylyn Boutellier,Female,Administrative Assistant III,763-541-9141,kboutelliermp@technorati.com,Minneapolis,United States,Minnesota,3955 Mesta Hill,2018-07-08,49035-439,2018-09-09,First Class,Truck,55448,jcb,2.29E+15,Good,3
2631,Quimba,115-93-2377,4076,Land Rover,Discovery,Mauv,2012,83440.73,2,0.79,64764-151,Madelyn Hamal,Female,Engineer II,772-360-0041,mhamalhz@blog.com,Fort Pierce,United States,Florida,2 Arkansas Way,2018-07-08,59279-514,2018-09-09,First Class,Truck,34981,jcb,1.35E+15,Bad,3
1253,Gabcube,236-54-6347,4403,Mercedes-Benz,R-Class,Puce,2009,85606.91,2,0.66,0228-2672,Mychal Zanetti,Male,Social Worker,937-749-6041,mzanettig@dropbox.com,Dayton,United States,Ohio,68 Prairieview Way,2018-07-08,50169-0005,2018-10-09,Same Day,Air,45470,china-unionpay,2.33E+15,Very Good,3
3981,Topicstorm,502-56-3936,4326,Ford,F-Series,Goldenrod,2001,70142.69,2,0.77,65862-521,Joel Haverty,Male,Web Designer III,727-712-6176,jhaverty8c@businessweek.com,Clearwater,United States,Florida,7 Anhalt Parkway,2018-07-08,53808-0799,2018-10-09,Second Class,Air,34615,maestro,2.71E+15,Bad,3
1917,Thoughtbeat,651-29-0884,3956,Toyota,4Runner,Pink,2000,86306.45,1,0.64,54569-2483,Tammy Orvis,Male,Research Associate,810-861-2102,torvis8n@independent.co.uk,Flint,United States,Michigan,325 Onsgard Avenue,2018-08-08,10096-9182,2019-12-09,Standard Class,Air,48550,visa-electron,2.11E+15,Okay,3
3609,Twitterworks,274-42-8908,3656,Volvo,C70,Goldenrod,2009,99448.61,1,0.65,0023-4964,Flss Darker,Female,Design Engineer,727-155-1700,fdarker92@eventbrite.com,Clearwater,United States,Florida,493 Graceland Terrace,2018-08-08,52054-512,2019-12-09,Same Day,Air,33763,diners-club-enroute,2.55E+15,Good,3
2639,Brainbox,435-89-0824,4109,Subaru,Legacy,Green,2009,70854.3,2,0.76,36800-647,Oran MacCrann,Male,Director of Sales,814-812-7417,omaccrann73@dell.com,Erie,United States,Pennsylvania,493 Memorial Avenue,2018-09-08,46122-028,2018-09-13,Same Day,Truck,16534,diners-club-us-ca,4.10E+15,Very Bad,3
1376,Dazzlesphere,164-55-2994,3523,Mercedes-Benz,SL-Class,Green,2011,77311.07,1,0.77,57844-115,Brianne Tudbald,Female,Senior Sales Associate,513-404-8250,btudbaldp8@businessweek.com,Cincinnati,United States,Ohio,42 Ridge Oak Street,2018-09-08,49884-984,2018-09-13,Second Class,Truck,45296,mastercard,1.86E+15,Very Good,3
1049,Dabtype,120-98-6931,4264,Pontiac,GTO,Goldenrod,2004,97178.73,1,0.64,52533-103,Gilbert Reven,Male,Senior Cost Accountant,225-639-4419,grevengl@aboutads.info,Baton Rouge,United States,Louisiana,33 7th Street,2018-09-08,51346-230,2018-09-13,Second Class,Air,70820,diners-club-carte-blanche,3.22E+15,Okay,3
3185,Devcast,118-97-2125,3950,Chrysler,Grand Voyager,Indigo,2000,72271.55,2,0.66,0268-6686,Mitzi Mussettini,Female,Environmental Specialist,863-956-0208,mmussettinimh@qq.com,Winter Haven,United States,Florida,2 Sugar Hill,2018-09-08,68001-252,2018-09-14,First Class,Air,33884,jcb,1.28E+15,Very Good,3
3500,Brightbean,281-57-4165,4697,Chrysler,Cirrus,Red,1999,73998.81,1,0.67,63323-086,Haven Piggen,Male,Payment Adjustment Coordinator,504-686-5984,hpiggendm@accuweather.com,New Orleans,United States,Louisiana,488 Del Mar Circle,2018-09-08,76329-3301,2018-09-14,First Class,Truck,70116,jcb,4.65E+15,Good,3
2423,Gabvine,452-34-3464,4812,Volkswagen,New Beetle,Blue,2003,82603.45,1,0.78,26509-0003,Selie Brogi,Female,Sales Representative,540-821-3180,sbrogiqp@51.la,Roanoke,United States,Virginia,55 Maple Trail,2018-08-08,41163-445,2018-09-15,Standard Class,Air,24004,switch,4.82E+15,Okay,3
3639,Eabox,267-61-5998,4496,Pontiac,Sunfire,Red,2004,87331.7,2,0.66,37808-595,Daniella Feirn,Female,Media Manager III,202-503-2973,dfeirnik@homestead.com,Washington,United States,District of Columbia,757 Knutson Avenue,2018-08-08,42346-200,2018-09-15,Same Day,Truck,20062,jcb,4.15E+15,Bad,3
1463,Kwinu,557-61-0203,4651,Dodge,Caliber,Goldenrod,2010,80696.46,1,0.66,37000-199,Killy Breton,Male,Assistant Manager,727-142-2842,kbreton68@nationalgeographic.com,Saint Petersburg,United States,Florida,567 Artisan Road,2018-08-08,49349-277,2018-09-15,Standard Class,Air,33710,jcb,4.21E+15,Okay,3
3309,Babbleblab,531-84-6299,4411,Mercedes-Benz,E-Class,Aquamarine,2005,93110.71,1,0.69,36800-010,Lula MacIllrick,Female,Food Chemist,402-324-3696,lmacillrick54@unc.edu,Lincoln,United States,Nebraska,89798 Miller Court,2018-08-08,49999-378,2018-09-15,Second Class,Truck,68583,bankcard,3.25E+15,Bad,3
2617,Roombo,758-56-8189,4079,Jeep,Liberty,Purple,2002,96563.36,1,0.75,65649-802,Wilfred Barmadier,Male,Information Systems Manager,202-601-5408,wbarmadiercp@vimeo.com,Washington,United States,District of Columbia,4 Ridge Oak Street,2018-07-08,24236-350,2018-09-16,Second Class,Air,20226,laser,1.66E+15,Bad,3
3696,Vitz,347-99-2708,4216,Chevrolet,Impala,Pink,2003,94256.82,2,0.65,76461-910,Loree Payne,Female,Structural Engineer,801-761-3296,lpayneky@cbslocal.com,Ogden,United States,Utah,404 School Street,2018-07-08,37808-604,2018-09-16,Standard Class,Truck,84409,switch,2.99E+15,Very Bad,3
1450,Jaxspan,385-11-6886,4979,Nissan,Pathfinder,Khaki,2002,83258.12,2,0.77,43742-0059,Creigh Wreakes,Male,Internal Auditor,202-159-8703,cwreakese@mtv.com,Washington,United States,District of Columbia,9 Nelson Parkway,2018-07-08,58118-0404,2018-09-16,Same Day,Air,20005,jcb,1.94E+15,Good,3
1705,Camimbo,238-33-3863,3529,Bentley,Continental GT,Indigo,2008,87756.71,1,0.73,50563-149,Maybelle Morrel,Female,Developer IV,646-188-6227,mmorrelax@marketwatch.com,New York City,United States,New York,795 Lindbergh Terrace,2018-07-08,59316-103,2018-09-16,First Class,Truck,10170,jcb,1.91E+15,Bad,3
2924,Avaveo,897-67-8034,3924,Subaru,XT,Teal,1985,84730.82,2,0.75,16590-244,Enriqueta Blissett,Female,Research Nurse,847-850-7613,eblissett6w@infoseek.co.jp,Palatine,United States,Illinois,2 Summerview Road,2018-07-08,66975-354,2018-09-16,Standard Class,Truck,60078,diners-club-carte-blanche,2.14E+15,Very Good,3
1015,Yakijo,616-53-0046,4852,Chevrolet,Beretta,Teal,1995,95061.18,1,0.74,16590-987,Cleveland Bracchi,Male,Nuclear Power Engineer,312-529-2765,cbracchip5@odnoklassniki.ru,Chicago,United States,Illinois,137 Cottonwood Crossing,2018-08-13,43598-316,2018-09-17,Standard Class,Air,60614,mastercard,4.97E+15,Bad,3
1656,Edgeify,352-07-3630,4614,Chevrolet,Monte Carlo,Fuscia,2004,90061.03,2,0.62,0268-0030,Sherman Bennett,Male,Senior Editor,402-591-6358,sbennettrn@google.com.hk,Lincoln,United States,Nebraska,4 Oneill Place,2018-08-14,68788-0046,2018-09-18,Second Class,Truck,68524,maestro,2.32E+15,Okay,3
1576,Browsetype,844-10-6046,4671,Mazda,CX-7,Teal,2012,70228.82,2,0.6,54868-6253,Casey Seale,Male,Senior Sales Associate,713-115-5362,csealeme@shop-pro.jp,Houston,United States,Texas,74222 Oak Valley Avenue,2018-08-15,36987-2115,2018-09-19,Standard Class,Truck,77223,jcb,3.74E+15,Very Good,3
2035,Rhynyx,378-57-0118,4889,Toyota,Land Cruiser,Crimson,2005,94778.54,2,0.71,65811-0001,Wiatt Piche,Male,Professor,404-590-7068,wpiche5@deviantart.com,Atlanta,United States,Georgia,26066 Valley Edge Parkway,2018-08-16,11822-0580,2018-09-20,Standard Class,Air,31136,laser,2.90E+15,Good,3
1351,Zoomdog,218-19-1802,4714,GMC,Savana 1500,Crimson,2011,96824.49,1,0.75,58411-135,Alvie Weighell,Male,Systems Administrator III,312-561-8337,aweighell2@nature.com,Chicago,United States,Illinois,1803 Evergreen Trail,2018-08-16,42043-251,2018-09-20,Second Class,Air,60674,jcb,4.83E+15,Okay,3
3927,Livepath,748-05-8021,4705,Hyundai,Tiburon,Maroon,2001,89372.28,2,0.66,59746-383,Sarita Harrhy,Female,Human Resources Assistant I,412-911-5517,sharrhyl7@biblegateway.com,Pittsburgh,United States,Pennsylvania,4 Debs Way,2018-08-16,47335-924,2018-09-20,Standard Class,Air,15235,diners-club-us-ca,4.78E+15,Okay,3
1696,Gevee,601-73-5186,4108,Chrysler,Voyager,Goldenrod,2001,94491.14,2,0.74,0173-0756,Lane Lackner,Male,Budget/Accounting Analyst IV,518-297-7474,llacknerix@hc360.com,Albany,United States,New York,78462 Forster Avenue,2018-08-16,55154-2364,2018-09-20,First Class,Truck,12205,jcb,4.66E+15,Bad,3
2727,Mybuzz,120-35-5790,3687,BMW,7 Series,Turquoise,2012,76442.08,1,0.7,50988-176,Letisha Mahoney,Female,Professor,765-387-1807,lmahoneyo@hibu.com,Muncie,United States,Indiana,38475 Longview Terrace,2018-08-16,55316-647,2018-09-20,First Class,Truck,47306,jcb,3.73E+15,Very Good,3
2255,Devpulse,882-04-7101,4243,Chrysler,Imperial,Blue,1992,81948.28,2,0.8,33992-0100,Guillaume Warrington,Male,Editor,509-526-6935,gwarringtonjh@uol.com.br,Spokane,United States,Washington,4 Comanche Court,2018-08-16,67234-014,2018-09-20,Standard Class,Air,99252,visa-electron,3.45E+15,Good,3
1783,Jamia,777-76-5259,3820,Nissan,Sentra,Red,2009,77630.78,1,0.65,0904-5980,Idell Merrell,Female,VP Product Management,208-132-9083,imerrellr4@soundcloud.com,Boise,United States,Idaho,2 Toban Point,2018-08-17,52376-036,2018-09-21,Standard Class,Air,83705,diners-club-enroute,2.07E+15,Very Good,3
2880,Rooxo,465-30-3895,4092,GMC,Yukon XL 1500,Crimson,2010,75926.78,1,0.75,51141-5000,Sabine Maude,Female,Tax Accountant,281-924-4288,smaude3p@drupal.org,Houston,United States,Texas,2 Vidon Parkway,2018-08-19,42254-168,2018-09-23,First Class,Air,77035,mastercard,3.85E+15,Very Good,3
1940,Voomm,289-73-0573,4494,Mercedes-Benz,CL-Class,Crimson,2004,75231.6,1,0.64,42411-043,Marta Collens,Female,Junior Executive,585-842-3258,mcollens78@ezinearticles.com,Rochester,United States,New York,78047 Sheridan Plaza,2018-08-19,52959-737,2018-09-23,Same Day,Truck,14646,jcb,1.64E+15,Good,3
1247,Wikizz,603-93-3331,3646,Jeep,Grand Cherokee,Fuscia,2002,99557.84,2,0.67,10586-9102,Giordano Pott,Male,Account Coordinator,863-576-6133,gpottoq@umn.edu,Lakeland,United States,Florida,59970 Old Shore Parkway,2018-08-19,55154-5472,2018-09-23,First Class,Truck,33811,china-unionpay,1.68E+15,Good,3
2090,Yambee,514-79-9569,4119,Land Rover,Range Rover Classic,Teal,1993,73797.53,2,0.77,67457-483,Gerianne Casa,Female,Human Resources Assistant I,918-857-4530,gcasagw@thetimes.co.uk,Tulsa,United States,Oklahoma,1913 Killdeer Place,2018-08-19,64092-802,2018-09-23,Second Class,Air,74116,americanexpress,4.52E+15,Very Good,3
3556,Skiba,260-99-4882,4117,Mercedes-Benz,CL-Class,Crimson,2008,98611.79,2,0.69,52533-080,Peta Maddicks,Female,Web Designer IV,860-482-6177,pmaddicksk6@mayoclinic.com,West Hartford,United States,Connecticut,5989 Prairieview Court,2018-08-20,49999-192,2018-09-24,Second Class,Truck,6127,jcb,2.26E+15,Okay,3
3384,Kwilith,722-35-8776,3524,Suzuki,Sidekick,Blue,1998,93811.03,1,0.78,63044-203,Vivien Roelvink,Female,Junior Executive,559-459-5176,vroelvinkhj@netscape.com,Visalia,United States,California,46318 John Wall Terrace,2018-08-20,98132-2132,2018-09-24,Standard Class,Truck,93291,maestro,4.31E+15,Very Bad,3
1416,Eimbee,652-46-9888,4281,Audi,riolet,Teal,1996,79549.75,1,0.67,61328-001,Jolynn Bubeer,Female,Accountant III,626-826-1717,jbubeercb@youku.com,Alhambra,United States,California,6421 Weeping Birch Way,2018-08-21,0173-0453,2018-09-25,Same Day,Truck,91841,mastercard,1.34E+15,Good,3
3592,Layo,189-30-8872,4878,Mitsubishi,Endeavor,Aquamarine,2006,77755.58,1,0.77,11564-003,Kendra Pearmine,Female,Recruiter,202-956-9934,kpearmine4i@uol.com.br,Washington,United States,District of Columbia,9 Bayside Alley,2018-08-21,0187-2615,2018-09-25,Same Day,Truck,20599,bankcard,1.37E+15,Very Good,3
3540,Ntag,723-07-2473,3681,Mercedes-Benz,SL-Class,Blue,2011,93837.13,2,0.7,54868-6162,Colby Pittendreigh,Male,Professor,510-334-8931,cpittendreighfl@unc.edu,Oakland,United States,California,4676 Anzinger Place,2018-08-22,0085-1110,2018-09-26,Same Day,Truck,94611,china-unionpay,3.10E+15,Okay,3
3816,Tagopia,650-78-4303,4987,Mitsubishi,Galant,Aquamarine,2002,75262.78,2,0.65,52380-3101,Madonna Sultan,Female,Staff Scientist,469-365-6966,msultan1r@4shared.com,Plano,United States,Texas,343 Corry Pass,2018-08-23,61722-002,2018-09-27,First Class,Air,75074,jcb,2.13E+15,Very Bad,3
2646,Linkbridge,708-65-5880,3686,Acura,SLX,Khaki,1999,96373.59,1,0.65,68387-695,Joete Rigmond,Female,Internal Auditor,646-344-7431,jrigmondz@youku.com,New York City,United States,New York,07 Forest Run Alley,2018-08-23,63629-4582,2018-09-27,Second Class,Truck,10060,jcb,1.86E+15,Good,3
2026,Tambee,467-58-5023,3608,Cadillac,XLR-V,Maroon,2006,83931.75,1,0.71,0781-5949,Gretta Gencke,Female,Research Nurse,215-475-1382,ggenckehk@icq.com,Philadelphia,United States,Pennsylvania,31926 Golf View Park,2018-08-24,52959-655,2018-09-28,Standard Class,Truck,19146,diners-club-carte-blanche,3.63E+15,Bad,3
2965,Gabspot,849-16-1152,4912,Infiniti,G35,Goldenrod,2007,71478.22,1,0.73,41163-603,Gabriellia Bard,Female,Software Test Engineer IV,440-405-4797,gbardnz@house.gov,Cleveland,United States,Ohio,83815 Pawling Road,2018-08-24,59535-4311,2018-09-28,Same Day,Truck,44177,jcb,2.89E+15,Very Bad,3
3358,Vimbo,339-75-6952,4522,Mitsubishi,Pajero,Orange,2004,79288.71,1,0.8,55289-531,Delbert Farmery,Male,Registered Nurse,954-364-8053,dfarmery9g@bloglines.com,Fort Lauderdale,United States,Florida,7 Commercial Center,2018-08-25,0378-1150,2018-09-29,Same Day,Air,33330,jcb,4.02E+15,Okay,3
2243,Fivebridge,739-39-5689,3736,GMC,Suburban 1500,Red,1999,89866.09,2,0.68,52125-866,Curcio Januszewski,Male,Project Manager,303-536-9709,cjanuszewski2t@acquirethisname.com,Denver,United States,Colorado,837 Upham Lane,2018-08-25,59630-574,2018-09-29,Second Class,Truck,80243,china-unionpay,2.30E+15,Good,3
3767,Mycat,469-63-4330,4940,Volkswagen,Scirocco,Aquamarine,1987,92408.66,2,0.71,12634-537,Amii Sydall,Female,VP Accounting,501-384-2881,asydallap@theguardian.com,North Little Rock,United States,Arkansas,5 Mosinee Hill,2018-08-26,50436-0165,2018-09-30,First Class,Truck,72118,jcb,2.83E+15,Okay,3
3604,Youspan,684-12-1517,4874,Jaguar,X-Type,Fuscia,2005,96617.38,1,0.75,42549-604,Denys Lehrian,Male,Database Administrator III,585-183-6177,dlehrianah@vistaprint.com,Rochester,United States,New York,0 Talisman Hill,2018-08-27,10191-1829,2018-10-10,First Class,Air,14646,laser,1.99E+15,Very Bad,3
3340,Innotype,345-93-3482,4836,Dodge,Nitro,Teal,2007,90018.2,1,0.76,0093-5517,Brantley Elflain,Male,Computer Systems Analyst III,718-587-7012,belflainmb@ucoz.ru,Staten Island,United States,New York,7 Sommers Park,2018-08-27,53489-176,2018-11-11,First Class,Truck,10310,laser,2.04E+15,Very Bad,3
3089,Topicstorm,101-67-8057,4971,Mitsubishi,Galant,Goldenrod,1998,94604.04,2,0.7,37205-458,Bobette Tittletross,Female,Accounting Assistant II,615-668-1467,btittletross1b@cbsnews.com,Nashville,United States,Tennessee,42 Hoard Hill,2018-08-27,55289-410,2019-01-04,Same Day,Air,37235,jcb,3.85E+15,Very Bad,3
1343,Meembee,544-94-3877,4689,Oldsmobile,88,Goldenrod,1995,82167.85,1,0.6,49778-001,Marlo Larkins,Male,Operator,801-384-9853,mlarkinsrr@4shared.com,Ogden,United States,Utah,82641 Quincy Court,2018-08-28,17856-5180,2018-10-10,Standard Class,Truck,84403,visa,3.84E+15,Very Bad,3
2732,Skipstorm,753-08-5560,4087,Mercedes-Benz,CLS-Class,Teal,2006,89425.62,2,0.75,24571-111,Ulysses Stansbie,Male,Executive Secretary,773-176-4952,ustansbieqd@hibu.com,Chicago,United States,Illinois,718 Jenifer Road,2018-08-28,51141-3771,2018-10-10,First Class,Truck,60652,jcb,3.66E+15,Bad,3
2931,Miboo,284-95-0721,4271,Pontiac,Bonneville,Blue,1985,78069.68,2,0.67,42851-152,Thayne Skace,Male,Compensation Analyst,801-335-2729,tskaceh4@wordpress.com,Salt Lake City,United States,Utah,5 Helena Way,2018-08-28,51991-192,2018-10-10,Standard Class,Air,84199,china-unionpay,3.29E+15,Bad,3
3831,Fivebridge,185-75-2580,4803,Toyota,Corolla,Khaki,1995,85460.84,1,0.65,0310-0282,Darrick Naismith,Male,Senior Editor,313-617-2792,dnaismitha7@gmpg.org,Detroit,United States,Michigan,22 Becker Plaza,2018-08-28,52747-902,2018-10-10,Standard Class,Air,48232,switch,3.55E+15,Okay,3
1240,Topicshots,647-63-1621,3869,Toyota,Venza,Aquamarine,2012,91388.35,1,0.78,42507-374,Eldredge Sleath,Male,Tax Accountant,321-678-3924,esleathdy@google.co.jp,Palm Bay,United States,Florida,203 Delaware Trail,2018-08-29,52376-021,2018-11-10,Standard Class,Air,32909,americanexpress,2.81E+15,Good,3
3162,Oyoyo,368-09-4452,3580,Mercury,Mariner,Fuscia,2009,89620.24,2,0.71,54118-7188,Cornell Duddle,Male,Project Manager,915-784-1285,cduddlekr@cbslocal.com,El Paso,United States,Texas,9290 Pond Court,2018-08-29,56062-288,2018-11-10,Second Class,Truck,88558,maestro,4.00E+15,Bad,3
2062,Brainbox,467-23-3113,3694,Volkswagen,Cabriolet,Goldenrod,1998,79547.17,2,0.73,36987-3322,Piggy Lorimer,Male,Physical Therapy Assistant,508-492-0882,plorimerbn@soundcloud.com,Boston,United States,Massachusetts,92623 Becker Court,2018-08-29,63629-1398,2018-11-10,Same Day,Air,2119,visa,3.32E+15,Very Bad,3
2560,Gigashots,664-74-0625,3715,Nissan,240SX,Turquoise,1995,71600.87,1,0.69,0069-6001,James Tripcony,Male,Physical Therapy Assistant,504-625-6875,jtripconye7@github.io,New Orleans,United States,Louisiana,345 Susan Center,2018-08-30,0955-1041,2019-12-10,Standard Class,Air,70187,jcb,3.76E+15,Okay,3
1258,Linkbridge,184-72-8743,4316,Mercedes-Benz,GL-Class,Teal,2007,93048.36,1,0.75,36987-2265,Vittorio Mariner,Male,Administrative Officer,717-648-1601,vmarinern8@netvibes.com,Harrisburg,United States,Pennsylvania,24963 Schiller Drive,2018-08-30,370260-410,2019-12-10,Same Day,Air,17126,visa-electron,4.41E+15,Very Good,3
3463,Brainsphere,560-90-4449,4024,Pontiac,Sunfire,Fuscia,1995,87764.83,1,0.71,0143-9856,Valdemar Klawi,Male,Accounting Assistant I,704-309-8319,vklawibp@51.la,Winston Salem,United States,North Carolina,88 Express Lane,2018-08-30,53329-060,2019-12-10,Same Day,Air,27105,laser,2.56E+15,Good,3
1739,Kazio,804-77-7032,4442,Dodge,Durango,Green,1998,76963.53,1,0.67,36987-2932,Wilton Sinnott,Male,Project Manager,239-738-1470,wsinnotto4@nature.com,Naples,United States,Florida,33066 Clyde Gallagher Drive,2018-08-31,37012-845,2018-11-10,Same Day,Truck,33963,maestro,3.23E+15,Bad,3
2628,Oodoo,847-62-7635,3610,Kia,Sportage,Yellow,2005,82949.91,2,0.62,0781-6523,Veriee Scrivner,Female,Registered Nurse,317-595-2923,vscrivner1t@cdbaby.com,Indianapolis,United States,Indiana,75 Aberg Center,2018-07-09,49288-0231,2019-12-10,Same Day,Air,46247,jcb,4.07E+15,Good,3
2069,Ooba,211-89-4622,3532,Isuzu,i-370,Fuscia,2008,71907.75,2,0.68,13913-011,Ada MacKenney,Female,Librarian,303-825-3348,amackenneyk1@reddit.com,Littleton,United States,Colorado,5040 Old Gate Center,2018-08-09,49781-100,2019-12-10,Second Class,Truck,80161,americanexpress,4.00E+15,Okay,3
2902,Pixoboo,589-59-0272,3622,Suzuki,Sidekick,Mauv,1992,84306.57,2,0.63,0781-2195,Wallie Wingham,Female,Payment Adjustment Coordinator,202-105-6768,wwinghamoc@barnesandnoble.com,Washington,United States,District of Columbia,70467 Talisman Circle,2018-09-09,55154-4179,2019-12-10,Same Day,Truck,20205,switch,3.53E+15,Very Bad,3
2067,Kazu,194-23-1321,4177,Buick,Lucerne,Maroon,2008,88672.42,1,0.7,63629-1605,Betteanne Hutchcraft,Female,VP Quality Control,915-220-2132,bhutchcraftc9@acquirethisname.com,El Paso,United States,Texas,266 Bonner Alley,2018-07-09,61767-306,2019-12-10,First Class,Air,88525,bankcard,1.99E+15,Good,3
2377,Yakidoo,306-25-6630,3612,Jaguar,XJ Series,Turquoise,1993,73435.32,2,0.74,36987-1048,Deana Chillingworth,Female,Recruiting Manager,850-243-9764,dchillingworth6s@netscape.com,Panama City,United States,Florida,762 Calypso Park,2018-07-09,11084-704,2018-07-10,First Class,Air,32412,visa-electron,2.99E+15,Bad,3
1793,Rhyloo,332-97-7780,4287,Saab,9-7X,Red,2006,99226.94,1,0.62,66854-024,Jacinthe Deekes,Female,VP Marketing,651-136-8822,jdeekes1e@themeforest.net,Saint Paul,United States,Minnesota,9090 Oakridge Alley,2018-07-09,13107-020,2018-07-10,First Class,Truck,55188,switch,4.12E+15,Bad,3
2415,Vitz,651-10-5560,3857,Mercedes-Benz,SL-Class,Maroon,2009,96522.72,2,0.67,49348-934,El Bumpus,Male,Electrical Engineer,970-784-6499,ebumpusc6@japanpost.jp,Greeley,United States,Colorado,28455 Comanche Way,2018-07-09,58276-015,2018-07-10,Same Day,Truck,80638,laser,4.17E+15,Bad,3
3505,Aivee,449-80-4246,4237,Suzuki,Daewoo Magnus,Puce,2005,70830.91,2,0.79,41163-120,Eudora Brumbie,Female,Automation Specialist I,682-394-9956,ebrumbie99@uol.com.br,Fort Worth,United States,Texas,96848 Thackeray Plaza,2018-07-09,68828-067,2018-07-10,Standard Class,Truck,76198,jcb,3.26E+15,Very Good,3
2764,Livepath,516-33-1896,3823,Chevrolet,Suburban 1500,Orange,2004,86399.57,1,0.69,0363-0657,Othilie Caulwell,Female,VP Sales,520-414-6932,ocaulwellif@sfgate.com,Tucson,United States,Arizona,73 Waxwing Lane,2018-08-09,10631-093,2018-08-10,First Class,Truck,85720,jcb,1.39E+15,Bad,3
2480,Oyoba,569-07-4332,4877,Ford,Edge,Khaki,2009,79570.98,1,0.73,0904-6191,Conrado Van der Daal,Male,Editor,513-822-7045,cvanep@webmd.com,Cincinnati,United States,Ohio,1941 Pine View Lane,2018-09-09,0054-8528,2018-09-10,First Class,Air,45296,jcb,3.29E+15,Okay,3
1908,Twitterbeat,881-02-8632,3852,Buick,Century,Purple,2002,82955.73,1,0.63,54868-1590,Kaela O'Doireidh,Female,Product Engineer,360-671-2653,kodoireidheb@weebly.com,Vancouver,United States,Washington,0 Sunnyside Alley,2018-09-09,43742-0087,2018-09-10,First Class,Air,98682,jcb,2.09E+15,Okay,3
2991,Jetpulse,375-53-8466,4265,Ford,Econoline E250,Fuscia,2002,91758.71,2,0.76,33992-4948,Pablo Mithon,Male,VP Accounting,571-672-5925,pmithon12@mozilla.com,Dulles,United States,Virginia,9 Pawling Point,2018-07-09,68084-375,2018-10-10,Same Day,Truck,20189,diners-club-carte-blanche,1.72E+15,Good,3
3998,Kare,849-23-6788,3613,Mercury,Mariner,Teal,2009,87951.96,1,0.67,51655-189,Alyssa Filpi,Female,Software Engineer III,313-870-7247,afilpi4@webs.com,Detroit,United States,Michigan,5751 Tony Avenue,2018-07-09,36987-3308,2018-11-10,Second Class,Air,48232,china-unionpay,2.48E+15,Bad,3
1192,Abatz,348-62-6683,3876,Mercedes-Benz,W201,Red,1988,97850.07,2,0.67,68428-740,Richmound Woodger,Male,Staff Accountant I,859-780-0771,rwoodgerio@ovh.net,Lexington,United States,Kentucky,1895 Mitchell Way,2018-07-09,57520-0781,2018-11-10,First Class,Air,40596,laser,4.77E+15,Very Bad,3
2582,Divanoodle,200-95-8491,3620,Honda,CR-V,Orange,1997,89114.75,1,0.73,63730-292,Hunfredo MacChaell,Male,Geological Engineer,903-928-4295,hmacchaellfo@umn.edu,Texarkana,United States,Texas,9 Onsgard Crossing,2018-07-09,58118-1342,2018-11-10,Standard Class,Air,75507,maestro,2.86E+15,Very Bad,3
3574,Voonix,302-88-9034,4766,Porsche,Boxster,Puce,2003,94688.39,1,0.72,55312-160,Daphna Winckworth,Female,Web Developer IV,770-172-6849,dwinckworthl2@paginegialle.it,Norcross,United States,Georgia,65 Wayridge Plaza,2018-07-09,53808-0748,2019-12-10,Standard Class,Air,30092,jcb,1.92E+15,Bad,3
1899,Agivu,559-44-4423,4274,Buick,Somerset,Puce,1986,95153.78,2,0.76,0172-3762,Kary Bellord,Female,VP Sales,910-935-4907,kbellordls@imgur.com,Wilmington,United States,North Carolina,02624 Tony Crossing,2018-08-09,0363-0563,2018-10-13,Same Day,Truck,28410,instapayment,4.17E+15,Good,3
3279,Tazz,502-96-3884,4886,Pontiac,Safari,Red,1987,78808.2,1,0.7,46994-329,Sela Marsters,Female,Cost Accountant,845-454-6377,smarsterspo@lycos.com,White Plains,United States,New York,681 Green Place,2018-08-09,0591-2467,2018-10-13,Same Day,Truck,10606,visa-electron,1.77E+15,Bad,3
1689,Realblab,628-54-0917,4306,GMC,Yukon,Yellow,1996,99931.57,2,0.62,52959-579,Joey MacConnell,Male,Junior Executive,480-817-5338,jmacconnellph@oracle.com,Gilbert,United States,Arizona,487 Erie Way,2018-08-09,33261-150,2018-10-13,Second Class,Air,85297,bankcard,1.98E+15,Okay,3
2451,Yodo,604-07-4246,4761,BMW,760,Yellow,2004,75286.36,1,0.66,43596-0011,Orsola Allonby,Female,Recruiter,504-842-6094,oallonbyq9@ucla.edu,New Orleans,United States,Louisiana,7 Fair Oaks Trail,2018-08-09,55728-001,2018-10-13,First Class,Air,70142,jcb,4.81E+15,Very Bad,3
1915,Browseblab,664-19-9393,3878,Toyota,Celica,Puce,2003,80888.4,1,0.7,0703-9258,Marylin Tresvina,Female,Staff Scientist,775-670-5395,mtresvinan@discovery.com,Reno,United States,Nevada,8 Northland Lane,2018-09-09,44911-0082,2018-10-14,Second Class,Air,89519,jcb,4.17E+15,Good,3
1420,Vidoo,199-95-5278,3941,Infiniti,G,Yellow,1996,72422.29,2,0.77,0472-0166,Ring Briston,Male,Tax Accountant,206-792-7053,rbristonbt@csmonitor.com,Bellevue,United States,Washington,5747 1st Place,2018-09-09,0603-4467,2018-10-15,Same Day,Air,98008,jcb,3.81E+15,Very Good,3
2123,Skidoo,370-33-4057,4995,Mazda,Familia,Khaki,1990,79592.41,1,0.71,0378-0345,Hermine Woolham,Female,Geologist III,812-119-5202,hwoolhammr@cisco.com,Terre Haute,United States,Indiana,19892 Maryland Court,2018-09-09,52125-576,2018-10-15,First Class,Air,47805,maestro,1.61E+15,Okay,3
2664,Blogspan,138-24-9961,4161,Hyundai,Elantra,Violet,1997,88926.42,2,0.63,15828-106,Nicola Tolchar,Male,Research Nurse,812-558-3721,ntolchara3@hhs.gov,Evansville,United States,Indiana,2 Birchwood Park,2018-09-09,55910-975,2018-10-15,Standard Class,Air,47719,diners-club-us-ca,2.76E+15,Okay,3
1364,Lajo,763-10-9352,4543,Porsche,944,Yellow,1985,72484.45,1,0.71,13537-503,Charin Witt,Female,Research Associate,716-222-1487,cwittd2@cargocollective.com,Buffalo,United States,New York,971 Charing Cross Parkway,2018-08-09,43742-0175,2018-10-16,First Class,Air,14215,switch,3.41E+15,Very Good,3
2493,Devpoint,306-69-8866,4455,BMW,760,Orange,2006,75290.11,2,0.77,36987-2288,Naomi Piscopello,Female,Accountant II,410-723-1525,npiscopellori@rakuten.co.jp,Baltimore,United States,Maryland,61 Quincy Junction,2018-08-09,60505-0166,2018-10-16,Second Class,Air,21265,jcb,2.28E+15,Very Good,3
3471,Eamia,475-13-8465,3573,Chevrolet,Express 1500,Red,2009,95276.24,2,0.69,49671-002,Lemuel Huggin,Male,Assistant Manager,314-523-6361,lhugginr3@salon.com,Saint Louis,United States,Missouri,8851 Bluestem Point,2018-07-09,43772-0003,2018-10-17,Standard Class,Air,63167,china-unionpay,4.41E+15,Okay,3
3870,Dazzlesphere,850-34-3773,4227,Lamborghini,Murci�lago,Crimson,2008,97779.66,2,0.64,68151-4021,Ora Banghe,Female,Associate Professor,813-581-8697,obanghe44@ed.gov,Tampa,United States,Florida,0 Starling Terrace,2018-09-13,0268-0282,2018-10-18,Standard Class,Air,33605,visa-electron,4.26E+15,Very Good,3
3705,Devcast,832-35-5973,4182,Buick,LaCrosse,Turquoise,2007,70711.08,2,0.69,0187-1221,Eric Kleinert,Male,Automation Specialist I,801-151-8122,ekleinert9e@redcross.org,Salt Lake City,United States,Utah,13 American Ash Drive,2018-09-13,0573-1915,2018-10-18,Standard Class,Air,84135,jcb,4.96E+15,Very Bad,3
2675,Linkbuzz,420-52-8603,4204,Jaguar,XJ Series,Teal,2002,99112.14,1,0.78,20276-433,Shermy Littlechild,Male,Structural Engineer,781-738-3318,slittlechildko@skype.com,Watertown,United States,Massachusetts,26348 Parkside Court,2018-09-13,51621-038,2018-10-18,Same Day,Air,2472,maestro,3.69E+15,Bad,3
3597,Meembee,589-42-7665,4847,Chevrolet,Camaro,Turquoise,1977,96640.84,1,0.75,68788-9942,Webb Jenk,Male,Financial Advisor,210-663-7834,wjenk6u@a8.net,San Antonio,United States,Texas,2 Bunting Crossing,2018-09-13,52993-125,2018-10-18,First Class,Truck,78285,mastercard,3.74E+15,Very Bad,3
2455,Rhynyx,513-84-1167,3753,Lincoln,Continental Mark VII,Purple,1988,77034.04,1,0.67,63029-633,Claudius Ranaghan,Male,Programmer II,405-523-6730,cranaghan4y@simplemachines.org,Oklahoma City,United States,Oklahoma,9192 Express Avenue,2018-09-14,41520-678,2018-10-19,Same Day,Air,73197,instapayment,4.49E+15,Very Bad,3
3973,Eadel,807-93-0024,4863,Buick,Regal,Purple,1989,83014.95,2,0.6,45963-538,Ozzie Oade,Male,Database Administrator III,321-117-4073,ooade27@bluehost.com,Orlando,United States,Florida,272 Forster Parkway,2018-09-15,0904-0304,2018-10-20,Same Day,Truck,32803,diners-club-enroute,2.90E+15,Very Good,3
1555,Brainsphere,844-23-6055,4514,Chevrolet,Silverado 1500,Orange,2010,96269.37,1,0.8,67510-0026,Frederic Oulett,Male,Information Systems Manager,830-486-4578,foulettm2@angelfire.com,San Antonio,United States,Texas,6 Sachtjen Circle,2018-09-16,0245-0036,2018-10-21,First Class,Air,78245,maestro,2.30E+15,Okay,3
2224,Midel,307-04-2548,4636,Jaguar,XK Series,Fuscia,2005,92642.04,2,0.7,68647-193,Wilhelmina Pantone,Female,Statistician IV,559-950-9467,wpantonecv@tripod.com,Fresno,United States,California,9 Brentwood Road,2018-09-16,49349-284,2018-10-21,Standard Class,Air,93773,jcb,4.70E+15,Good,3
1608,Flipbug,801-84-1627,4610,Buick,Somerset,Mauv,1985,96754.84,1,0.64,0781-3315,Bengt Idiens,Male,Assistant Manager,727-421-2331,bidiens7y@google.cn,Saint Petersburg,United States,Florida,24 Norway Maple Hill,2018-09-16,65121-885,2018-10-21,Standard Class,Truck,33710,jcb,2.53E+15,Very Bad,3
1566,Pixope,643-75-4415,4571,Mazda,Navajo,Maroon,1993,89391.63,2,0.61,68472-132,Anna-diane Jeanesson,Female,Recruiter,865-870-9779,ajeanessonnc@printfriendly.com,Knoxville,United States,Tennessee,2 Shopko Lane,2018-09-17,37808-476,2018-10-22,Same Day,Air,37995,mastercard,2.90E+15,Very Good,3
2870,Leenti,692-77-6331,3764,Saab,900,Green,1993,87541.4,2,0.77,36987-1806,Avrit Pinnock,Female,Geologist IV,720-479-9658,apinnockm8@jalbum.net,Denver,United States,Colorado,77 Nancy Junction,2018-09-18,10738-303,2018-10-23,Second Class,Truck,80204,laser,4.86E+15,Bad,3
1643,Jabbercube,172-91-8070,4038,Cadillac,Seville,Fuscia,2001,94673.72,1,0.69,55154-5676,Derick Blaasch,Male,Financial Analyst,520-911-4959,dblaasch57@apple.com,Tucson,United States,Arizona,386 Hansons Way,2018-09-18,11344-919,2018-10-23,Same Day,Air,85705,mastercard,4.76E+15,Good,3
3280,Zooveo,788-64-6027,4645,Subaru,Outback,Khaki,2006,98764.56,1,0.67,11559-729,Abbie Lehemann,Male,Chief Design Engineer,801-778-3176,alehemannro@tumblr.com,Salt Lake City,United States,Utah,62 Kedzie Court,2018-09-18,36987-3015,2018-10-23,Standard Class,Air,84152,jcb,3.06E+15,Okay,3
2168,Yombu,651-38-3577,3633,Dodge,Durango,Yellow,2005,87470.55,2,0.67,64735-050,Karlen McSpirron,Female,Senior Financial Analyst,256-613-4465,kmcspirronrk@jigsy.com,Gadsden,United States,Alabama,2805 Kropf Road,2018-09-19,49517-0001,2018-10-24,First Class,Air,35905,mastercard,2.24E+15,Okay,3
2210,Photobean,160-57-1114,3702,Chevrolet,Avalanche,Violet,2012,90645,1,0.69,64117-293,Lucinda Mackro,Female,Systems Administrator I,208-575-7723,lmackrol0@studiopress.com,Boise,United States,Idaho,32089 Darwin Point,2018-09-19,67457-198,2018-10-24,Standard Class,Air,83727,jcb,4.14E+15,Okay,3
2404,Livetube,100-10-4836,3718,Dodge,Ram 2500,Teal,1995,91223.53,2,0.76,55714-4401,Fitz Gretton,Male,Project Manager,704-785-5846,fgretton3n@godaddy.com,Charlotte,United States,North Carolina,3 Bultman Parkway,2018-09-20,50580-778,2018-10-25,First Class,Air,28235,solo,3.35E+15,Bad,3
1778,Wikido,838-19-4550,3964,Cadillac,Escalade EXT,Fuscia,2011,90356.84,2,0.6,36987-1206,Gery Zamora,Male,VP Marketing,661-743-8253,gzamora1i@slideshare.net,Lancaster,United States,California,0329 Butterfield Court,2018-09-20,63629-1792,2018-10-25,First Class,Truck,93584,diners-club-carte-blanche,3.36E+15,Very Good,3
3306,Devshare,791-26-1894,4560,Chevrolet,Aveo,Yellow,2006,72571.11,2,0.69,66336-099,Kimbell Trawin,Male,Dental Hygienist,214-170-7433,ktrawin4j@independent.co.uk,Dallas,United States,Texas,40716 Goodland Drive,2018-09-20,64117-136,2018-10-25,Standard Class,Truck,75226,jcb,1.88E+15,Good,3
2815,Demizz,554-87-1854,4282,Mercedes-Benz,E-Class,Khaki,2007,73585.47,1,0.8,43269-612,Dorena Coatham,Female,Librarian,520-135-7763,dcoatham89@abc.net.au,Tucson,United States,Arizona,8 2nd Trail,2018-09-21,21695-572,2018-10-26,Standard Class,Truck,85748,mastercard,3.60E+15,Good,3
2695,Roombo,596-80-7389,3542,Aston Martin,V12 Vantage,Green,2012,93732.39,2,0.7,37000-587,Zacherie Aartsen,Male,Senior Financial Analyst,989-960-9080,zaartsenne@sciencedirect.com,Saginaw,United States,Michigan,2 Judy Place,2018-09-22,41250-037,2018-10-27,First Class,Air,48609,jcb,2.47E+15,Okay,3
3708,Twimbo,642-85-8473,4894,Mazda,B-Series Plus,Blue,1996,79223.74,2,0.66,52959-009,Orelle Dibb,Female,Web Developer II,843-664-1270,odibbek@4shared.com,Beaufort,United States,South Carolina,57163 Rieder Circle,2018-09-22,75887-003,2018-10-27,Second Class,Air,29905,jcb,3.22E+15,Very Bad,3
2236,Meedoo,320-16-8226,4717,Isuzu,Oasis,Mauv,1996,97675.46,2,0.67,55154-6127,Robbert Goodhand,Male,Senior Editor,801-200-3771,rgoodhand33@moonfruit.com,Provo,United States,Utah,56388 Veith Alley,2018-09-23,0378-1045,2018-10-28,Second Class,Air,84605,visa-electron,2.22E+15,Bad,3
1230,Dabtype,855-68-8013,4062,Toyota,MR2,Puce,2001,77911.47,1,0.65,53499-0390,Marwin Francescozzi,Male,VP Marketing,817-214-8029,mfrancescozzi22@go.com,Arlington,United States,Texas,96 Melby Lane,2018-09-23,63824-271,2018-10-28,Second Class,Truck,76096,diners-club-carte-blanche,2.65E+15,Very Bad,3
2859,Tagcat,534-20-2530,4867,Lexus,GX,Puce,2012,78929.89,1,0.61,52125-357,Kristian Mardall,Male,Paralegal,937-704-3099,kmardallhr@disqus.com,Dayton,United States,Ohio,0080 Katie Alley,2018-09-24,51386-400,2018-10-29,Second Class,Air,45432,diners-club-carte-blanche,4.05E+15,Very Bad,3
1677,Roombo,848-91-4874,3570,Mercedes-Benz,300D,Pink,1993,77213.34,2,0.77,55648-953,Sonny Nurcombe,Male,Software Consultant,916-486-9481,snurcombecj@godaddy.com,Sacramento,United States,California,0301 Commercial Center,2018-09-24,53329-019,2018-10-29,Same Day,Truck,94263,jcb,2.16E+15,Good,3
3614,Avaveo,325-13-8612,4215,Ford,Excursion,Maroon,2005,84956.81,1,0.7,23155-014,Barry Filippello,Male,Senior Cost Accountant,520-304-2181,bfilippellofk@bizjournals.com,Tucson,United States,Arizona,94207 Waywood Avenue,2018-09-24,54738-908,2018-10-29,Standard Class,Truck,85754,china-unionpay,2.27E+15,Good,3
2969,Bluezoom,194-01-3947,4148,Suzuki,Swift,Maroon,1996,97057.29,2,0.66,49738-081,Otha Glassford,Female,Sales Associate,812-529-5050,oglassfordct@mail.ru,Terre Haute,United States,Indiana,54918 Briar Crest Park,2018-09-24,60681-1001,2018-10-29,First Class,Air,47812,jcb,1.75E+15,Very Bad,3
2677,Livepath,669-96-6732,4676,Cadillac,Escalade,Maroon,1999,98956.34,1,0.72,49349-872,Kittie Hedling,Female,Food Chemist,937-431-9171,khedlingbo@godaddy.com,Dayton,United States,Ohio,1 Buell Circle,2018-09-24,65862-156,2018-10-29,Second Class,Air,45490,jcb,2.94E+15,Good,3
1683,Mudo,159-44-1592,3991,Ford,F-Series Super Duty,Maroon,2010,94660.91,2,0.75,37808-437,Sigismondo Gillings,Male,Speech Pathologist,410-460-3425,sgillings76@reverbnation.com,Baltimore,United States,Maryland,45341 Daystar Trail,2018-09-25,54868-3157,2018-10-30,First Class,Air,21290,mastercard,2.92E+15,Bad,3
2372,Demivee,295-04-9339,4457,Pontiac,Vibe,Khaki,2006,78919.14,1,0.78,61722-060,Chaddy Till,Male,Teacher,402-596-1208,ctillka@sourceforge.net,Lincoln,United States,Nebraska,8 Grayhawk Trail,2018-09-25,55154-5128,2018-10-30,Same Day,Air,68505,jcb,1.29E+15,Bad,3
3315,Eidel,811-95-3189,4559,Lamborghini,Gallardo,Green,2003,91507.15,1,0.72,63629-1468,Tyler Okeshott,Male,Analyst Programmer,703-563-8336,tokeshottr9@usnews.com,Arlington,United States,Virginia,52 Buena Vista Trail,2018-09-25,57955-2311,2018-10-30,Standard Class,Air,22205,switch,1.75E+15,Very Good,3
2437,Flipopia,770-87-0912,3748,Jaguar,XJ Series,Crimson,2001,99376.55,2,0.63,62932-144,Miller Teenan,Male,Dental Hygienist,702-592-2211,mteenanhv@disqus.com,Las Vegas,United States,Nevada,62315 Summerview Alley,2018-09-25,61957-0001,2018-10-30,First Class,Air,89105,visa,1.59E+15,Bad,3
3429,Camido,840-73-6286,4355,Volvo,V50,Pink,2010,88589.3,2,0.77,0299-5980,Charin Henriksson,Female,Research Assistant III,386-225-2847,chenriksson2d@chicagotribune.com,Daytona Beach,United States,Florida,2 Golf View Plaza,2018-09-25,64127-085,2018-10-30,Standard Class,Truck,32128,china-unionpay,2.72E+15,Very Bad,3
2626,Flashpoint,598-40-8384,4593,Chevrolet,3500,Indigo,1996,83183.99,1,0.64,52125-632,Jeffy Duckworth,Male,Senior Financial Analyst,915-389-8537,jduckworthx@wix.com,El Paso,United States,Texas,778 Sunnyside Hill,2018-09-26,0904-5721,2018-10-31,Second Class,Truck,79999,jcb,2.96E+15,Bad,3
3449,Shuffledrive,830-30-8824,4887,Ford,Focus,Mauv,2004,83193.43,1,0.76,0378-7185,Llywellyn Speedin,Male,Tax Accountant,313-133-8486,lspeedin65@yahoo.co.jp,Detroit,United States,Michigan,63596 School Terrace,2018-09-26,67938-2009,2018-10-31,Second Class,Truck,48275,jcb,1.54E+15,Very Bad,3
1154,Feedmix,238-97-4452,4844,Dodge,Intrepid,Pink,1999,85158.51,1,0.76,43063-051,Page Rotherforth,Female,VP Accounting,406-174-6582,protherforth9p@hostgator.com,Missoula,United States,Montana,12447 Merrick Park,2018-09-27,49035-150,2019-12-11,First Class,Truck,59806,diners-club-carte-blanche,4.12E+15,Good,3
1750,Fivebridge,375-70-6450,4432,Ford,Explorer,Aquamarine,2013,91177.01,1,0.66,0362-9011,Ara Dionisetti,Female,Programmer Analyst II,213-516-4818,adionisettik0@independent.co.uk,Los Angeles,United States,California,48115 Steensland Circle,2018-09-29,52244-010,2018-11-11,First Class,Air,90101,maestro,4.68E+15,Okay,3
2245,Skipfire,868-61-9439,4924,Chevrolet,HHR,Turquoise,2007,96979.12,1,0.6,63565-0001,Modesta Canedo,Female,Software Consultant,804-831-0385,mcanedo4g@networksolutions.com,Richmond,United States,Virginia,4 Nevada Plaza,2018-09-29,68546-325,2018-11-11,Same Day,Truck,23242,jcb,2.32E+15,Okay,3
3053,Dynava,756-59-2214,4310,Buick,Terraza,Purple,2006,70988.1,2,0.79,0536-4086,Gunner De la Harpe,Male,Assistant Professor,202-627-2651,gdeb2@wikimedia.org,Washington,United States,District of Columbia,6 Hansons Hill,2018-09-30,16590-301,2019-12-11,Second Class,Air,20503,jcb,3.43E+15,Very Bad,3