shipper_id,shipper_name,shipper_contact_details,product_id,vehicle_maker,vehicle_model,vehicle_color,vehicle_model_year,vehicle_price,quantity,discount,customer_id,customer_name,gender,job_title,phone_number,email_address,city,country,state,customer_address,order_date,order_id,ship_date,ship_mode,shipping,postal_code,credit_card_type,credit_card_number,customer_feedback,quarter_number
1617,Feedmix,125-29-5865,4383,Jaguar,XJ Series,Indigo,2003,92186.18,1,0.6,55154-1385,Reece Pummell,Male,Design Engineer,864-849-1464,rpummelllf@hhs.gov,Greenville,United States,South Carolina,056 High Crossing Lane,2018-01-01,10237-833,2018-03-04,First Class,Air,29615,jcb,4.78E+15,Bad,1
3199,Oyoloo,850-05-1383,3513,Mercury,Monterey,Orange,2006,71183.23,2,0.69,52125-774,Jilleen Bennit,Female,Junior Executive,502-107-6172,jbennitpg@abc.net.au,Louisville,United States,Kentucky,3 Hagan Point,2018-01-01,22700-134,2018-01-26,Same Day,Truck,40256,maestro,2.99E+15,Very Good,1
1046,Oozz,684-23-0409,4520,Toyota,Land Cruiser,Fuscia,2011,82108.12,1,0.56,10157-9875,Bernadene Lorkings,Female,Administrative Officer,561-927-9650,blorkings6q@e-recht24.de,Delray Beach,United States,Florida,72 Becker Center,2018-01-01,39822-4200,2018-05-01,Second Class,Air,33448,diners-club-international,3.81E+15,Okay,1
3532,Thoughtbeat,825-86-8630,3616,Mitsubishi,Lancer,Blue,2004,96497.56,2,0.68,46123-039,Dominick Holdforth,Male,Engineer IV,410-617-9937,dholdforth96@auda.org.au,Baltimore,United States,Maryland,5 Prairie Rose Center,2018-01-01,49349-206,2018-04-03,Same Day,Air,21203,jcb,1.33E+15,Good,1
3047,Mydeo,128-94-2595,4700,Nissan,NX,Purple,1992,96090.34,1,0.66,40042-050,Vergil Grafton-Herbert,Male,Mechanical Systems Engineer,402-582-1673,vgraftonherberthn@sun.com,Omaha,United States,Nebraska,9152 Fisk Court,2018-01-01,51389-255,2018-02-18,Same Day,Air,68134,jcb,3.56E+15,Good,1
2453,Shuffledrive,572-63-8744,4880,Mercury,Sable,Green,1999,76200.97,2,0.63,42043-171,Tove Arrundale,Female,Engineer III,718-588-3004,tarrundale42@dagondesign.com,Bronx,United States,New York,22 Corben Trail,2018-01-01,63304-590,2018-01-31,Same Day,Truck,10454,jcb,4.25E+15,Good,1
1061,Skyvu,358-59-7146,4372,Mazda,626,Aquamarine,1991,96579.16,2,0.62,98132-728,Normie Ghelardoni,Male,Biostatistician IV,802-977-7779,nghelardoni91@rakuten.co.jp,Montpelier,United States,Vermont,851 Melvin Court,2018-02-01,0228-2801,2018-03-17,Same Day,Truck,5609,solo,2.39E+15,Bad,1
1519,Rhyzio,576-94-5231,4897,Ferrari,458 Italia,Red,2010,90756.74,1,0.41,48951-1035,Judye Dayes,Female,Research Associate,617-967-6138,jdayesbd@zdnet.com,Boston,United States,Massachusetts,675 1st Drive,2018-02-01,49349-361,2018-02-02,Standard Class,Air,2109,jcb,1.66E+15,Very Good,1
3857,Jatri,711-84-4357,3828,Dodge,Avenger,Blue,1997,87162.3,1,0.6,52033-001,Millard Corneille,Male,Dental Hygienist,202-263-8673,mcorneilledw@ucoz.ru,Washington,United States,District of Columbia,93 Hallows Circle,2018-03-01,0069-0079,2018-05-01,First Class,Air,20029,jcb,2.34E+15,Bad,1
2681,Jamia,602-57-0765,4949,Pontiac,Parisienne,Red,1986,87985.16,2,0.48,61314-294,Alf Alsina,Male,Engineer IV,806-457-6984,aalsinakt@chron.com,Lubbock,United States,Texas,3743 Corry Park,2018-03-01,0498-0015,2018-03-17,Second Class,Air,79452,jcb,1.38E+15,Good,1
1513,Skipstorm,569-13-4343,4504,Infiniti,J,Indigo,1993,93570.85,1,0.45,61336-001,Chrissie Whittaker,Male,Web Developer III,202-617-9627,cwhittaker1n@example.com,Washington,United States,District of Columbia,76 Eagle Crest Point,2018-03-01,0615-7565,2018-05-05,Standard Class,Truck,20005,laser,4.66E+15,Okay,1
1857,Minyx,809-80-4403,3550,Dodge,Intrepid,Violet,1993,75445.54,1,0.55,50458-194,Lee Twohig,Male,Staff Scientist,626-199-2056,ltwohiglx@fda.gov,Pasadena,United States,California,2847 Pankratz Way,2018-03-01,36987-1677,2018-04-27,Same Day,Air,91131,visa-electron,4.64E+15,Good,1
3783,Skipfire,562-45-7815,4585,Subaru,Outback,Pink,2011,81766.6,1,0.65,36987-3360,Sybille MacParland,Female,Financial Advisor,972-320-5465,smacparlandgb@linkedin.com,Dallas,United States,Texas,45476 Lien Crossing,2018-03-01,58232-0721,2018-05-15,Second Class,Truck,75241,jcb,2.93E+15,Bad,1
3465,Jabberstorm,679-45-4846,3796,Toyota,Highlander,Crimson,2003,95030.52,1,0.58,55154-3437,Sandor People,Male,Executive Secretary,816-953-4876,speople8k@lycos.com,Independence,United States,Missouri,246 Randy Junction,2018-02-01,0135-0504,2018-05-01,Same Day,Truck,64054,jcb,4.10E+15,Good,1
1517,Skajo,268-21-3799,3765,Chevrolet,2500,Turquoise,1994,71241.16,2,0.65,55319-619,Olive Rodolf,Female,Analyst Programmer,347-371-4599,orodolflk@eepurl.com,New York City,United States,New York,2 Pankratz Circle,2018-02-01,0168-0309,2018-04-05,Second Class,Truck,10014,jcb,4.90E+15,Okay,1
3518,Gabtype,104-59-1634,3966,Buick,LeSabre,Crimson,1999,94304.16,2,0.54,0002-4115,Rafaela Hummerston,Female,Research Associate,862-362-4311,rhummerstoncg@unblog.fr,Newark,United States,New Jersey,556 Gerald Lane,2018-02-01,36987-1667,2018-05-27,Second Class,Air,7195,diners-club-enroute,4.98E+15,Very Good,1
1563,Twitterlist,109-86-9293,3777,Volkswagen,Cabriolet,Orange,1992,76446.29,1,0.69,24236-063,Andromache Bernardez,Female,Analyst Programmer,801-222-0204,abernardez7g@goo.ne.jp,Salt Lake City,United States,Utah,0141 Crescent Oaks Circle,2018-02-01,43857-0030,2018-05-30,Same Day,Truck,84110,china-unionpay,3.04E+15,Very Good,1
2215,Wordtune,317-25-9993,4688,Pontiac,Gemini,Orange,1987,88633.4,1,0.65,43857-0150,Anetta Pohlke,Female,Research Assistant I,304-173-0353,apohlkecw@studiopress.com,Charleston,United States,West Virginia,4 Burrows Junction,2018-02-01,51442-543,2018-05-13,Standard Class,Truck,25356,americanexpress,2.81E+15,Okay,1
1355,Gevee,649-78-9218,4179,Nissan,Quest,Blue,1993,76875.97,2,0.4,76439-273,Abigael Smalridge,Female,Health Coach II,520-393-0569,asmalridge2m@behance.net,Tucson,United States,Arizona,51509 Briar Crest Plaza,2018-02-01,54473-241,2018-04-04,Second Class,Truck,85705,jcb,2.88E+15,Very Good,1
1153,Bluejam,516-58-4018,3978,Chevrolet,Silverado 2500,Teal,2009,93102.86,1,0.41,54575-348,Ardelia Toll,Female,Research Assistant I,337-599-9659,atollq1@dmoz.org,Lafayette,United States,Louisiana,900 Dottie Circle,2018-02-01,54868-5002,2018-04-27,First Class,Truck,70593,jcb,4.12E+15,Okay,1
3855,Roodel,756-09-5350,4572,Honda,Ridgeline,Pink,2007,99884.33,2,0.61,0067-2039,Dinny O'Cooney,Female,Financial Analyst,813-617-4542,docooney2e@blog.com,Tampa,United States,Florida,09 Claremont Lane,2018-02-01,59779-949,2018-05-30,Same Day,Air,33620,jcb,4.44E+15,Good,1
1538,Yodel,438-30-4921,4583,Ford,F-Series,Violet,1997,77641.54,2,0.46,48256-0011,Teddy Arnopp,Female,Engineer III,727-862-4401,tarnoppgr@wikipedia.org,Saint Petersburg,United States,Florida,9 Schlimgen Road,2018-02-01,67345-0681,2018-04-03,Same Day,Air,33731,laser,3.50E+15,Very Good,1
1294,Pixoboo,110-62-0215,3822,Dodge,Sprinter,Purple,2006,71744.46,1,0.41,63824-750,Desi Feldbaum,Male,Quality Engineer,615-350-0344,dfeldbaum1w@de.vu,Nashville,United States,Tennessee,75 Gulseth Pass,2018-02-01,68151-1020,2018-05-26,Second Class,Truck,37205,jcb,1.78E+15,Very Good,1
3782,Blogtags,473-29-9975,4027,Ford,Flex,Indigo,2010,84397.46,1,0.63,0641-6068,Maritsa Kilner,Female,Accounting Assistant II,205-152-6799,mkilnerld@earthlink.net,Tuscaloosa,United States,Alabama,2 Dovetail Street,2018-02-01,42411-041,2018-05-25,Second Class,Truck,35487,americanexpress,3.70E+15,Good,1
3687,Realmix,159-95-4995,4690,Toyota,4Runner,Mauv,2000,75847.61,1,0.6,35356-251,Editha Harpham,Female,GIS Technical Architect,253-306-7420,eharpham4m@wikimedia.org,Tacoma,United States,Washington,64087 Florence Center,2018-02-01,49580-0390,2018-05-02,Second Class,Air,98442,visa-electron,2.94E+15,Very Good,1
1787,Yambee,239-95-4807,4158,Lincoln,MKX,Yellow,2009,94440.35,1,0.56,48951-1191,Creighton McTrustrie,Male,Legal Assistant,678-183-7466,cmctrustrieou@tuttocitta.it,Atlanta,United States,Georgia,5159 Larry Parkway,2018-01-01,54868-5581,2018-05-03,Standard Class,Air,30328,jcb,4.57E+15,Okay,1
1425,Cogilith,267-60-7116,4367,Pontiac,Bonneville,Maroon,1986,70410.7,2,0.63,30142-001,Jerri Attock,Male,Payment Adjustment Coordinator,254-722-0807,jattockht@si.edu,Waco,United States,Texas,4950 Lillian Park,2018-03-01,13537-110,2018-05-05,Same Day,Truck,76705,diners-club-enroute,2.00E+15,Very Good,1
3780,Zoombeat,395-97-1152,4939,Dodge,Avenger,Yellow,1996,72679.62,1,0.5,42291-897,Lurlene Naldrett,Female,Physical Therapy Assistant,208-763-0506,lnaldrettml@yellowpages.com,Boise,United States,Idaho,15 Lunder Parkway,2018-01-13,55154-6270,2018-02-17,Standard Class,Truck,83722,diners-club-carte-blanche,1.33E+15,Good,1
2786,Babbleset,730-16-1616,4815,Buick,Skylark,Purple,1989,88576.34,2,0.51,66116-402,Dayle Newbatt,Female,Staff Accountant III,518-579-9906,dnewbattdu@privacy.gov.au,Albany,United States,New York,10691 Bay Road,2018-01-13,55312-332,2018-03-29,First Class,Truck,12227,jcb,4.38E+15,Okay,1
3660,Tagopia,420-24-4101,4012,GMC,Sierra 1500,Turquoise,2005,82400.05,2,0.42,52915-070,Christa Davidsson,Female,Technical Writer,214-834-6027,cdavidssonjl@pcworld.com,Dallas,United States,Texas,64 Paget Parkway,2018-01-13,55312-994,2018-04-06,First Class,Truck,75251,jcb,4.22E+15,Good,1
3339,Miboo,387-10-2825,4837,Mazda,MX-5,Fuscia,2010,91370.21,1,0.49,46122-500,Lindy Mountjoy,Female,Administrative Officer,251-544-7654,lmountjoyh3@w3.org,Mobile,United States,Alabama,1 Oriole Parkway,2018-01-13,60432-741,2018-02-17,Second Class,Air,36641,mastercard,1.29E+15,Good,1
2917,Zoonder,493-82-7589,3688,GMC,Jimmy,Orange,1999,83154.71,2,0.63,11673-165,Edouard Gulleford,Male,Administrative Officer,816-439-5151,egulleford5u@usatoday.com,Lees Summit,United States,Missouri,36032 Packers Court,2018-01-14,44924-013,2018-01-15,Standard Class,Truck,64082,jcb,4.54E+15,Very Good,1
1903,Avamm,472-69-6959,4095,Isuzu,Hombre,Fuscia,1999,89872.32,1,0.59,60512-2015,Abdel Trathan,Male,Information Systems Manager,302-787-5308,atrathanf6@dailymotion.com,Wilmington,United States,Delaware,7 Maryland Parkway,2018-01-14,458802-283,2018-01-17,First Class,Truck,19892,maestro,1.39E+15,Very Good,1
3327,Omba,146-08-9923,4805,Mazda,MX-3,Pink,1992,99459.69,1,0.5,37205-715,Hubie Leal,Male,VP Product Management,813-791-5847,hlealm5@loc.gov,Tampa,United States,Florida,88243 Milwaukee Road,2018-01-14,49281-650,2018-04-05,Same Day,Truck,33610,jcb,2.34E+15,Good,1
2954,Avavee,759-48-7604,3539,Ford,Ranger,Aquamarine,1985,82570.38,2,0.47,11673-977,Dari Boston,Female,Business Systems Development Analyst,810-406-6063,dbostonmo@soup.io,Warren,United States,Michigan,48267 Northview Avenue,2018-01-14,62011-0225,2018-04-19,First Class,Truck,48092,jcb,4.08E+15,Okay,1
3646,Skyble,367-39-7003,4249,Dodge,Stratus,Green,2003,91463.61,2,0.5,51672-4111,Sarina Troy,Female,Mechanical Systems Engineer,601-597-2858,stroy5i@marketwatch.com,Jackson,United States,Mississippi,03 Glacier Hill Road,2018-01-15,0517-3415,2018-05-18,Same Day,Truck,39236,bankcard,1.64E+15,Okay,1
2984,Jaloo,838-06-9578,4419,Buick,Regal,Pink,1992,95805.39,1,0.66,53877-006,Celene Hymas,Female,Account Representative I,918-693-8966,chymasds@uiuc.edu,Tulsa,United States,Oklahoma,9 Onsgard Point,2018-01-15,57520-0360,2018-04-03,First Class,Air,74126,jcb,2.65E+15,Good,1
2036,Quimm,481-21-9047,4226,Dodge,Neon,Pink,1996,95809.16,2,0.51,42254-305,Lorrie Grover,Female,Analog Circuit Design manager,850-167-2610,lgrovera6@goodreads.com,Pensacola,United States,Florida,84 Thompson Parkway,2018-01-15,64117-979,2018-04-03,Same Day,Air,32575,mastercard,2.67E+15,Good,1
1619,Realmix,515-59-8716,4395,Ford,Ranger,Red,1994,82539.45,2,0.54,0008-1123,Timi Limpricht,Female,Senior Developer,409-884-0947,tlimprichtk3@amazon.de,Beaumont,United States,Texas,242 Forster Plaza,2018-01-16,0615-0828,2018-02-15,First Class,Air,77705,jcb,2.66E+15,Okay,1
3497,Skalith,588-79-8750,4916,Audi,A6,Yellow,2005,75802.65,1,0.65,10702-018,Melodee Lindholm,Female,VP Sales,415-222-9982,mlindholmln@istockphoto.com,San Francisco,United States,California,1822 Havey Crossing,2018-01-16,10056-060,2018-04-05,Standard Class,Truck,94121,jcb,3.91E+15,Very Good,1
1393,Photofeed,278-13-9486,4090,Lincoln,Continental,Puce,2000,80356.64,2,0.45,52862-201,Alejoa Izhaky,Male,VP Product Management,303-549-7729,aizhakybg@odnoklassniki.ru,Denver,United States,Colorado,96 Schmedeman Avenue,2018-01-16,21695-900,2018-02-20,Same Day,Air,80243,jcb,1.97E+15,Very Good,1
1565,Zoozzy,725-32-8162,3803,Land Rover,Range Rover,Crimson,1986,98136.58,1,0.69,65862-599,Paton Clynman,Male,VP Sales,915-353-6106,pclynman31@smh.com.au,El Paso,United States,Texas,51 Annamark Circle,2018-01-16,53808-0251,2018-04-26,Standard Class,Truck,88584,visa,1.86E+15,Very Good,1
3527,Yodo,418-01-3270,3617,Austin,Mini Cooper,Indigo,1964,77704.86,2,0.56,53808-0347,Herculie Levi,Male,Office Assistant I,-9839,hlevigu@cafepress.com,Pittsburgh,United States,Pennsylvania,773 Northridge Junction,2018-01-16,605012-1035,2018-05-02,First Class,Air,15266,jcb,4.88E+15,Good,1
2746,Rhyloo,703-69-5945,3644,Pontiac,Grand Prix,Red,1983,74099.22,1,0.62,69243-0610,Ernesta Tzarkov,Female,Assistant Media Planner,360-308-5537,etzarkovt@google.fr,Vancouver,United States,Washington,09 Bartelt Drive,2018-01-16,63629-5233,2018-05-05,Same Day,Air,98682,switch,1.60E+15,Good,1
1372,Buzzster,302-14-6183,4923,Suzuki,Samurai,Aquamarine,1993,73193.58,2,0.44,0168-0151,Beckie Kellick,Female,Financial Advisor,269-467-1203,bkellickkj@vimeo.com,Battle Creek,United States,Michigan,77101 Kedzie Way,2018-01-17,0597-0001,2018-05-16,Second Class,Air,49018,jcb,3.22E+15,Good,1
2940,Skinix,204-02-7998,4142,Ford,Flex,Indigo,2010,77400.3,2,0.6,55315-455,Eddi Merryweather,Female,Occupational Therapist,212-389-0212,emerryweather36@fotki.com,New York City,United States,New York,70762 Westerfield Lane,2018-01-17,55301-619,2018-02-17,Same Day,Truck,10203,diners-club-carte-blanche,2.03E+15,Good,1
2535,JumpXS,360-25-1937,3739,Volkswagen,Passat,Mauv,2012,90876.65,2,0.55,55154-1855,Elladine Rivaland,Female,Executive Secretary,716-555-9600,erivaland8a@unblog.fr,Buffalo,United States,New York,5458 Maple Alley,2018-01-17,60512-6350,2018-02-21,Same Day,Air,14269,mastercard,3.56E+15,Good,1
1634,Edgeclub,206-01-2301,4122,Ford,E350,Mauv,2004,89305.88,2,0.65,63868-926,Kienan De Ruel,Male,Software Engineer I,316-154-9276,kden2@histats.com,Wichita,United States,Kansas,41978 Talmadge Pass,2018-01-18,21695-223,2018-04-03,Second Class,Air,67220,china-unionpay,3.06E+15,Okay,1
2793,Trunyx,248-02-6514,4322,Ferrari,F430,Maroon,2006,77381.95,1,0.43,0135-0505,Quinlan Macken,Male,Assistant Manager,816-327-2806,qmackenb6@studiopress.com,Kansas City,United States,Missouri,28 8th Place,2018-01-18,30142-313,2018-02-02,Second Class,Air,64153,jcb,2.57E+15,Good,1
2012,Jabbersphere,867-04-5328,4617,Pontiac,Grand Prix,Goldenrod,2008,85814.14,2,0.45,68788-9178,Eldon Bartlam,Male,General Manager,602-913-3546,ebartlam1g@biglobe.ne.jp,Tempe,United States,Arizona,481 Calypso Street,2018-01-18,43857-0292,2018-04-23,Second Class,Air,85284,jcb,4.00E+15,Very Good,1
3416,Riffpedia,114-78-5085,3717,GMC,Yukon XL 1500,Violet,2009,74178.21,2,0.62,52544-044,Rupert Ropcke,Male,Web Developer II,806-750-7979,rropcke8p@ihg.com,Lubbock,United States,Texas,0 Prentice Place,2018-01-18,49884-650,2018-02-18,First Class,Air,79491,americanexpress,4.74E+15,Very Good,1
1213,Babbleopia,471-08-6486,3855,Infiniti,Q,Orange,2001,84393.05,2,0.55,63187-087,Eveleen Rittelmeyer,Female,Professor,602-153-9389,erittelmeyerfd@hao123.com,Phoenix,United States,Arizona,8920 Kings Drive,2018-01-18,54868-4381,2018-04-05,First Class,Truck,85053,maestro,1.31E+15,Very Good,1
1295,Camido,295-84-6096,4831,Pontiac,Grand Prix,Purple,1996,71216.43,2,0.55,68084-734,Cybil Seeney,Female,Registered Nurse,602-205-7436,cseeneyg5@ucoz.com,Phoenix,United States,Arizona,762 Maryland Avenue,2018-01-18,76509-800,2018-03-03,Second Class,Air,85010,jcb,2.66E+15,Okay,1
1845,Skivee,645-37-7232,3758,Mazda,Familia,Blue,1991,70695.34,1,0.59,0378-5504,Kalie Stockell,Female,Business Systems Development Analyst,765-392-4786,kstockellpd@deliciousdays.com,Anderson,United States,Indiana,57234 Fair Oaks Plaza,2018-01-19,0093-0248,2018-02-23,First Class,Air,46015,visa-electron,2.26E+15,Okay,1
3227,Demizz,709-32-7998,3859,Ford,F150,Blue,2009,75319.61,1,0.47,42627-257,Prissie O'Dempsey,Female,Structural Analysis Engineer,334-320-7752,podempseyo3@cpanel.net,Montgomery,United States,Alabama,9 Alpine Avenue,2018-01-19,36987-2194,2018-03-02,Same Day,Truck,36177,china-unionpay,2.59E+15,Very Good,1
3577,Yodo,892-34-4315,3680,Buick,Roadmaster,Purple,1993,93503.66,1,0.47,50458-515,Nate Batcock,Male,Tax Accountant,970-590-1597,nbatcock9x@issuu.com,Grand Junction,United States,Colorado,2852 Mockingbird Crossing,2018-01-19,43419-803,2018-03-31,Standard Class,Truck,81505,diners-club-enroute,3.37E+15,Good,1
1942,Yozio,245-14-9639,3853,Ford,Excursion,Mauv,2002,98095.32,2,0.52,41163-156,Mariquilla Kernaghan,Female,Environmental Tech,504-138-2502,mkernaghanp3@oracle.com,New Orleans,United States,Louisiana,10 Laurel Junction,2018-01-19,54575-943,2018-04-06,Second Class,Air,70149,solo,3.80E+15,Very Good,1
2244,Innotype,820-21-1779,3841,Nissan,Quest,Teal,1999,80545.67,2,0.46,0054-0435,Nalani Micka,Female,Engineer III,714-463-6030,nmickad7@cbc.ca,Newport Beach,United States,California,73 Schurz Hill,2018-01-19,62296-0021,2018-02-23,Same Day,Air,92662,bankcard,4.66E+15,Good,1
3513,Voonte,482-26-2534,3724,Jeep,Wrangler,Red,1997,97146.29,1,0.5,42281-003,Adore Juschka,Female,Financial Analyst,702-810-0902,ajuschkama@ted.com,Las Vegas,United States,Nevada,43797 Del Sol Terrace,2018-01-19,63255-011,2018-04-23,Same Day,Truck,89105,jcb,1.85E+15,Good,1
1856,Jayo,626-13-4141,4843,Dodge,Caliber,Orange,2007,98341.07,1,0.63,47593-359,Laurette Carn,Female,Developer IV,334-396-2155,lcarn7b@upenn.edu,Montgomery,United States,Alabama,93 Loomis Lane,2018-01-19,65903-247,2018-05-05,Second Class,Air,36177,visa-electron,3.02E+15,Okay,1
3621,Cogidoo,834-02-0219,4531,Hyundai,Genesis,Turquoise,2010,99748.1,2,0.68,55111-697,Guilbert Twitchett,Male,Programmer I,862-324-3537,gtwitchett3y@skype.com,Newark,United States,New Jersey,625 Sutherland Trail,2018-01-19,68703-100,2018-02-23,Same Day,Truck,7195,jcb,3.81E+15,Very Good,1
2740,Browsebug,732-12-0593,4454,Ford,F350,Fuscia,2000,89876.84,2,0.44,61715-108,Duke Fruchon,Male,Junior Executive,614-597-0555,dfruchondv@etsy.com,Columbus,United States,Ohio,8905 Mccormick Center,2018-01-20,10477-2627,2018-03-29,Standard Class,Air,43284,diners-club-enroute,1.46E+15,Good,1
3377,Geba,776-41-4516,4819,BMW,5 Series,Goldenrod,2012,91914.23,1,0.48,55154-5089,Boonie Milkeham,Male,Compensation Analyst,936-580-3986,bmilkeham80@fc2.com,Conroe,United States,Texas,53800 Scott Circle,2018-01-20,11673-407,2018-05-03,Second Class,Air,77305,switch,3.40E+15,Good,1
2208,Centimia,664-93-7706,4386,Chevrolet,Corvette,Purple,2000,89652.08,2,0.59,35356-301,Gerti Morston,Female,Account Coordinator,423-360-8605,gmorston6p@unicef.org,Chattanooga,United States,Tennessee,8 Rutledge Point,2018-01-20,50970-003,2018-05-29,First Class,Air,37405,laser,2.05E+15,Very Good,1
3239,Bubbletube,649-58-4696,3706,Bentley,Continental,Aquamarine,2008,79900.39,1,0.45,64159-7693,Rip Aspinell,Male,Marketing Manager,512-917-7223,raspinell9l@nydailynews.com,Austin,United States,Texas,78 Claremont Park,2018-01-20,51655-439,2018-01-30,First Class,Air,78769,jcb,3.40E+15,Okay,1
1504,Zoozzy,372-66-2100,4112,Chevrolet,Malibu,Violet,2006,97842.92,1,0.6,0023-4385,Ileana Meran,Female,Research Associate,630-947-3323,imeranlg@weebly.com,Naperville,United States,Illinois,1 Huxley Crossing,2018-01-21,0074-4341,2018-04-05,Same Day,Truck,60567,laser,4.18E+15,Good,1
1989,Brainsphere,885-75-0938,4726,Buick,Rainier,Green,2007,80030.14,1,0.59,68026-544,Gustave Velte,Male,Project Manager,205-113-2865,gvelte38@zimbio.com,Birmingham,United States,Alabama,41054 Elka Pass,2018-01-21,0781-6135,2018-04-06,Standard Class,Truck,35295,jcb,3.49E+15,Okay,1
2836,Vidoo,562-22-3910,3838,GMC,Savana 1500,Purple,2007,71516.69,2,0.52,0456-3407,Saundra Demcak,Male,Teacher,763-146-9679,sdemcak7d@harvard.edu,Monticello,United States,Minnesota,22733 Walton Avenue,2018-01-21,36800-366,2018-04-02,First Class,Air,55590,maestro,1.79E+15,Very Good,1
3321,Wikivu,457-92-2588,4937,MINI,Countryman,Aquamarine,2012,95810.29,1,0.59,42291-886,Alexine Wadforth,Female,Recruiter,909-298-2375,awadforthl6@census.gov,Riverside,United States,California,00978 Mifflin Circle,2018-01-21,36987-3172,2018-04-04,Second Class,Truck,92505,jcb,2.10E+15,Good,1
1142,Twitterwire,412-07-3378,4073,Lincoln,Navigator,Indigo,2007,90567.48,1,0.65,36987-1607,Kitty Bryers,Female,VP Product Management,903-705-1528,kbryers6h@google.com,Tyler,United States,Texas,8168 School Trail,2018-01-21,52125-245,2018-02-13,Same Day,Truck,75705,mastercard,4.19E+15,Very Good,1
2211,Kanoodle,877-92-2965,3885,Oldsmobile,Regency,Puce,1997,70032.15,2,0.47,49349-272,Willard France,Male,VP Product Management,781-159-3923,wfrance4x@google.co.jp,Waltham,United States,Massachusetts,74049 American Ash Hill,2018-01-21,52862-008,2018-05-04,Second Class,Air,2453,visa-electron,1.63E+15,Good,1
1480,Quatz,803-82-7568,4245,Mercedes-Benz,CL-Class,Red,2011,85618.66,2,0.52,49825-119,Libbey Divell,Female,VP Sales,304-984-5742,ldivellc@blog.com,Charleston,United States,West Virginia,26 Mitchell Center,2018-01-21,54868-6162,2018-05-17,Second Class,Truck,25331,diners-club-enroute,2.15E+15,Good,1
1182,Omba,435-24-7523,4613,Chevrolet,Suburban 1500,Green,2003,78407.47,1,0.51,37808-008,Niven Derrington,Male,Research Assistant IV,479-312-7517,nderrington2g@time.com,Fort Smith,United States,Arkansas,9 Gateway Drive,2018-01-22,52183-369,2018-02-14,Standard Class,Air,72905,maestro,4.10E+15,Good,1
3888,Einti,828-68-8205,3850,Audi,S6,Violet,2009,99513.84,2,0.48,36987-3362,Hadleigh Baptiste,Male,Safety Technician IV,478-926-9762,hbaptisteg6@si.edu,Macon,United States,Georgia,9 Twin Pines Lane,2018-01-22,55289-390,2018-05-04,First Class,Truck,31296,jcb,3.38E+15,Good,1
1928,Teklist,536-83-6781,4232,Mitsubishi,Galant,Aquamarine,1993,72361.16,1,0.55,59970-051,Tybi Lazenby,Female,Civil Engineer,504-896-4535,tlazenbycx@bandcamp.com,New Orleans,United States,Louisiana,67 Dottie Trail,2018-01-23,10191-1569,2018-04-05,First Class,Truck,70187,visa-electron,2.95E+15,Very Good,1
1541,Voonix,650-97-0439,4948,Mercedes-Benz,GL-Class,Yellow,2012,79109.5,2,0.51,60429-981,Gianna Clarson,Female,Database Administrator I,405-284-1776,gclarson5m@myspace.com,Oklahoma City,United States,Oklahoma,9909 Old Gate Circle,2018-01-23,35000-586,2018-02-06,Standard Class,Truck,73129,jcb,1.62E+15,Okay,1
3128,Mydeo,496-04-6406,3979,Buick,Electra,Indigo,1984,72196.97,1,0.42,47593-458,Gayle Shillabeer,Female,Editor,312-524-6915,gshillabeerlh@photobucket.com,Chicago,United States,Illinois,33 Judy Way,2018-01-23,43419-024,2018-05-04,Second Class,Air,60674,diners-club-enroute,1.91E+15,Good,1
2280,Quaxo,140-16-3673,4968,Pontiac,Sunbird,Crimson,1983,81918.92,2,0.55,69075-001,Tristam Le Breton,Male,Financial Analyst,505-247-0125,tled0@1und1.de,Albuquerque,United States,New Mexico,85035 Fordem Crossing,2018-01-23,44567-802,2018-05-28,First Class,Truck,87140,jcb,3.28E+15,Okay,1
2072,Vinte,384-67-3810,3875,Toyota,Celica,Red,1976,72482.47,2,0.49,68382-027,Tedra Wasbey,Female,Media Manager IV,949-204-3472,twasbeypt@indiegogo.com,Irvine,United States,California,7806 Corscot Point,2018-01-23,50436-9973,2018-03-03,Standard Class,Truck,92612,maestro,4.74E+15,Very Good,1
3641,Gabcube,711-14-0177,3990,BMW,M6,Yellow,2010,93623.26,1,0.5,0173-0772,Cheston Sweating,Male,GIS Technical Architect,843-498-9975,csweatingj5@slate.com,Charleston,United States,South Carolina,64997 Vidon Way,2018-01-23,50988-177,2018-05-30,Standard Class,Truck,29424,jcb,3.99E+15,Good,1
2097,Yakijo,264-99-3237,3544,Pontiac,Trans Sport,Puce,1996,92888.62,1,0.4,10742-8223,Bendix Cridlan,Male,Graphic Designer,830-501-8513,bcridlanp9@is.gd,San Antonio,United States,Texas,74 Jay Place,2018-01-23,54868-5846,2018-03-28,Standard Class,Truck,78245,jcb,4.66E+15,Good,1
1827,Kazio,718-13-1400,4964,Jeep,Commander,Yellow,2010,86241.63,1,0.48,55714-4520,Meggie Gethin,Female,Geologist II,319-782-8681,mgethinjn@flickr.com,Iowa City,United States,Iowa,53560 Jenifer Parkway,2018-01-23,55154-4959,2018-03-03,Same Day,Air,52245,jcb,3.05E+15,Very Good,1
3692,Brightbean,700-82-9373,3592,Lamborghini,Gallardo,Purple,2009,74932.59,2,0.69,68382-112,Noak Delagua,Male,Computer Systems Analyst II,951-859-5357,ndelaguain@usa.gov,Riverside,United States,California,2196 Scofield Parkway,2018-01-23,60505-2539,2018-04-05,Same Day,Truck,92513,maestro,2.14E+15,Very Good,1
3606,Yakitri,834-44-1587,4418,Dodge,Ram Van 3500,Puce,1996,97330.31,2,0.55,10477-0809,Wernher Ovanesian,Male,Account Coordinator,310-938-1580,wovanesianj6@slate.com,Santa Monica,United States,California,35 Hoard Circle,2018-01-23,68428-035,2018-02-26,First Class,Truck,90410,diners-club-us-ca,2.44E+15,Okay,1
3834,Roombo,479-97-2408,3589,Subaru,Impreza,Indigo,1999,88383.68,2,0.54,31722-328,Findlay Alberti,Male,Biostatistician III,617-524-1910,falberti6@google.com.br,Boston,United States,Massachusetts,60797 Rowland Pass,2018-01-24,24909-111,2018-03-16,Same Day,Truck,2208,diners-club-carte-blanche,3.28E+15,Very Bad,1
2007,Skipfire,520-91-4887,4883,Toyota,Highlander,Yellow,2009,71297.03,1,0.6,49999-598,Richart Lebbon,Male,Associate Professor,716-347-9473,rlebbon66@msn.com,Buffalo,United States,New York,7 Crescent Oaks Way,2018-01-24,51672-4030,2018-04-29,Standard Class,Air,14269,jcb,1.25E+15,Bad,1
2580,Skidoo,192-42-0999,4488,Chevrolet,Monte Carlo,Aquamarine,1996,71890.78,1,0.43,23155-141,Aimee O'Canavan,Female,Project Manager,818-799-2159,aocanavanl@1688.com,Santa Monica,United States,California,12088 Anniversary Trail,2018-01-24,53808-0349,2018-05-31,Standard Class,Air,90405,jcb,3.96E+15,Good,1
1607,Rhynyx,711-98-8851,3902,Mazda,Mazdaspeed 3,Purple,2008,71575.52,1,0.4,63517-101,Weidar Elliot,Male,Analyst Programmer,504-852-8089,welliotny@skype.com,New Orleans,United States,Louisiana,042 American Ash Pass,2018-01-25,0781-3136,2018-03-03,First Class,Air,70160,americanexpress,3.87E+15,Okay,1
1841,Wikibox,304-68-5356,4639,BMW,525,Blue,2002,72289.11,2,0.6,63629-3279,Millard Rathmell,Male,Programmer III,206-825-7596,mrathmell4k@zdnet.com,Seattle,United States,Washington,5035 Algoma Circle,2018-01-25,50436-9803,2018-04-26,Same Day,Truck,98185,americanexpress,1.49E+15,Bad,1
1178,Zoomdog,891-98-6803,4600,Chevrolet,Silverado 1500,Violet,2004,71938.64,2,0.65,63629-5094,Kingston Scotsbrook,Male,Project Manager,203-371-5513,kscotsbrookq8@theatlantic.com,New Haven,United States,Connecticut,9 Bluestem Pass,2018-01-25,55621-007,2018-04-03,First Class,Air,6538,jcb,2.51E+15,Bad,1
2590,Skivee,137-70-2218,4236,Ford,Aspire,Goldenrod,1994,93200,1,0.45,63010-011,Gabrielle Scrivenor,Female,Research Associate,808-718-2077,gscrivenorf7@amazon.co.jp,Honolulu,United States,Hawaii,2289 Darwin Center,2018-01-26,14720-372,2018-02-05,Second Class,Truck,96845,mastercard,3.15E+15,Okay,1
1714,Edgeblab,715-01-3090,4879,Mazda,Familia,Orange,1990,95824.89,1,0.62,50573-3560,Pren Rosser,Male,Administrative Officer,716-117-9706,prosserh6@oracle.com,Buffalo,United States,New York,26 Gina Street,2018-01-26,55315-189,2018-04-23,Second Class,Truck,14269,visa-electron,4.73E+15,Bad,1
2998,Thoughtstorm,560-72-9504,3594,Audi,A8,Red,2003,86064.2,2,0.66,13537-110,Anatollo Pow,Male,GIS Technical Architect,518-474-2773,apow23@acquirethisname.com,Albany,United States,New York,166 Lillian Place,2018-01-27,0378-9104,2018-04-26,Second Class,Air,12255,maestro,3.84E+15,Okay,1
2420,Skyvu,480-75-1740,3862,Buick,Riviera,Indigo,1987,85839.34,2,0.41,61919-178,Ker Borsi,Male,Clinical Specialist,903-545-9063,kborsilr@msn.com,Texarkana,United States,Texas,905 Mendota Trail,2018-01-27,43063-025,2018-04-14,Standard Class,Truck,75507,jcb,3.30E+15,Bad,1
3988,Tagtune,835-49-5284,4989,GMC,Rally Wagon 1500,Indigo,1993,94176.17,2,0.51,0268-6635,Clayborn Matyukon,Male,Data Coordiator,217-131-9118,cmatyukon8m@mashable.com,Champaign,United States,Illinois,3894 Westend Road,2018-01-27,54868-5768,2018-04-02,Same Day,Truck,61825,jcb,2.37E+15,Very Bad,1
3003,Twitternation,233-64-3603,4620,Mazda,B2500,Mauv,2001,87786.93,1,0.52,0093-7304,Coleman Tallach,Male,Biostatistician II,217-194-7564,ctallachlz@desdev.cn,Springfield,United States,Illinois,7044 Sommers Drive,2018-01-27,55154-6637,2018-02-04,First Class,Truck,62723,jcb,1.27E+15,Okay,1
1719,Leexo,434-91-9008,4658,Volvo,C70,Mauv,2013,75584.52,2,0.59,0440-1385,Sergeant Walkley,Male,Chief Design Engineer,765-151-4119,swalkleyna@ucla.edu,Anderson,United States,Indiana,713 Meadow Ridge Place,2018-01-27,63783-403,2018-03-30,First Class,Truck,46015,jcb,4.92E+15,Good,1
3224,Innotype,129-25-1741,4994,Volvo,V90,Indigo,1997,95746.33,1,0.55,58118-1260,Fanechka Fant,Female,Account Representative I,415-678-8058,ffantf5@paypal.com,San Francisco,United States,California,137 Karstens Crossing,2018-01-27,64117-250,2018-02-02,Standard Class,Air,94169,jcb,2.15E+15,Good,1
1963,Quatz,403-14-8402,3520,Dodge,Ram 3500,Pink,1994,75520.02,1,0.62,68258-3032,Analise Pedley,Female,Compensation Analyst,515-897-1020,apedleye0@go.com,Des Moines,United States,Iowa,44675 Towne Hill,2018-01-28,0406-0367,2018-04-02,Second Class,Truck,50393,laser,3.54E+15,Very Bad,1
2138,Devbug,260-79-5534,3709,Isuzu,Rodeo,Orange,2004,89332.77,2,0.67,61715-028,Rodolph Domke,Male,Actuary,415-175-2670,rdomkel9@japanpost.jp,Hayward,United States,California,8 Rockefeller Terrace,2018-01-28,21695-133,2018-03-26,Second Class,Truck,94544,jcb,2.02E+15,Very Good,1
3561,Kazu,472-35-0505,4763,Mazda,Protege,Mauv,1993,88807.03,2,0.55,24488-032,Coriss Toller,Female,Payment Adjustment Coordinator,404-752-3832,ctoller14@mediafire.com,Atlanta,United States,Georgia,0460 Northfield Park,2018-01-28,51389-107,2018-02-19,Standard Class,Truck,31106,jcb,1.46E+15,Very Good,1
3454,Fivespan,174-23-9420,3590,Volvo,C70,Turquoise,1999,97959.34,2,0.68,35356-844,Blondie Pirie,Female,Business Systems Development Analyst,205-114-5791,bpirie1y@wufoo.com,Birmingham,United States,Alabama,0484 Delaware Crossing,2018-01-28,55316-249,2018-03-04,Standard Class,Air,35290,jcb,1.91E+15,Okay,1
1456,Trudoo,287-62-6677,4675,BMW,M3,Green,2012,95666.22,1,0.6,55111-728,Sheena Coldtart,Female,Web Designer III,718-833-5427,scoldtartil@sbwire.com,Flushing,United States,New York,13035 Spohn Park,2018-01-28,59667-0071,2018-03-21,Second Class,Truck,11355,maestro,1.42E+15,Okay,1
3344,Oyonder,716-43-8118,3795,Plymouth,Reliant,Purple,1981,87225.58,2,0.51,63629-5191,Tedmund Ould,Male,Teacher,713-188-2047,toulddc@google.com.br,Houston,United States,Texas,729 Riverside Circle,2018-01-28,63824-303,2018-05-31,First Class,Truck,77206,jcb,4.98E+15,Good,1
3009,Layo,204-18-7381,3854,Pontiac,Vibe,Indigo,2006,81965.27,1,0.58,51393-7336,Camel Rollo,Female,Programmer Analyst II,707-795-2111,crolloge@bbc.co.uk,Santa Rosa,United States,California,44 Jana Street,2018-01-29,0603-4979,2018-04-06,Standard Class,Air,95405,china-unionpay,3.56E+15,Good,1
1962,Jaloo,734-46-2514,3732,Porsche,Boxster,Aquamarine,2000,99371.9,1,0.54,10819-5808,Clarisse Ben-Aharon,Female,Software Engineer III,904-364-0096,cbenaharonj1@skype.com,Jacksonville,United States,Florida,27 Oxford Street,2018-01-29,13537-148,2018-02-22,Second Class,Air,32259,instapayment,4.65E+15,Good,1
3618,Jaxnation,392-09-9670,4137,Volkswagen,GTI,Turquoise,1997,81770.15,1,0.63,52685-454,Linn Gaythwaite,Male,Quality Engineer,915-896-6974,lgaythwaitefb@npr.org,El Paso,United States,Texas,81781 Ridge Oak Terrace,2018-01-29,68001-133,2018-02-24,Second Class,Truck,79911,jcb,2.80E+15,Good,1
1996,InnoZ,844-80-9527,3844,Toyota,Solara,Yellow,2003,79523.75,2,0.41,36987-2792,Karee Richemond,Female,Paralegal,818-857-6971,krichemondf3@nih.gov,Van Nuys,United States,California,05 Maple Court,2018-01-30,0067-6025,2018-05-03,Same Day,Truck,91411,diners-club-enroute,3.70E+15,Good,1
2612,Bubblemix,461-93-7421,3564,Chevrolet,Impala,Indigo,1994,81330.27,2,0.63,55289-251,Ford Collopy,Male,Junior Executive,614-124-6693,fcollopyc4@a8.net,Columbus,United States,Ohio,610 Dovetail Parkway,2018-01-30,10812-094,2018-05-03,Standard Class,Truck,43231,maestro,1.44E+15,Good,1
2346,Camimbo,385-60-9979,4121,Mercedes-Benz,C-Class,Red,2012,91259.07,1,0.48,68135-020,Fidelia Lauchlan,Female,Teacher,614-631-5515,flauchlan77@mtv.com,Columbus,United States,Ohio,8 Loomis Point,2018-01-30,15127-258,2018-05-21,Second Class,Truck,43204,visa,3.27E+15,Good,1
1308,Voonte,601-77-8527,3904,Plymouth,Voyager,Puce,1992,97909.75,1,0.4,51861-010,Tuesday Horsefield,Female,Help Desk Operator,205-723-2069,thorsefield5q@fema.gov,Birmingham,United States,Alabama,4 Prairie Rose Junction,2018-01-30,65862-288,2018-05-03,Same Day,Truck,35254,jcb,1.53E+15,Very Good,1
3373,Latz,245-70-1648,4865,Mitsubishi,Montero,Indigo,1999,70958.45,2,0.7,0641-0948,Ingelbert Huggill,Male,Assistant Media Planner,901-766-5518,ihuggill8j@blogspot.com,Memphis,United States,Tennessee,298 North Court,2018-01-30,66288-1300,2018-04-06,Standard Class,Air,38114,jcb,1.74E+15,Very Good,1
3949,Zoonder,218-49-8679,4065,Buick,Century,Purple,2005,88236.71,2,0.51,55910-664,Amberly Spurgeon,Female,Associate Professor,907-542-9771,aspurgeonbx@dyndns.org,Anchorage,United States,Alaska,881 Buell Place,2018-01-30,68084-713,2018-05-03,Second Class,Air,99522,jcb,1.64E+15,Very Good,1
2475,Voolia,525-54-1139,4269,Volvo,C70,Aquamarine,2012,94649.77,1,0.41,58474-010,Bear Polin,Male,Internal Auditor,719-190-4530,bpolinqf@theglobeandmail.com,Pueblo,United States,Colorado,1 Dapin Circle,2018-01-31,0615-7667,2018-05-03,Second Class,Truck,81015,maestro,2.49E+15,Good,1
3117,Viva,376-46-2741,3511,Maserati,Quattroporte,Green,2005,85502,2,0.46,36987-1519,Adolph Pedley,Male,Assistant Media Planner,785-900-4958,apedleye1@twitpic.com,Topeka,United States,Kansas,449 Anhalt Avenue,2018-01-31,33261-342,2018-04-25,First Class,Air,66617,jcb,2.63E+15,Good,1
2685,Kwideo,820-54-7663,3922,Mercedes-Benz,300SE,Goldenrod,1993,74841.18,1,0.54,58232-0702,Andrew Siviter,Male,Food Chemist,804-297-1313,asiviterno@dmoz.org,Richmond,United States,Virginia,2 Bultman Lane,2018-01-31,42192-353,2018-02-23,Second Class,Air,23277,americanexpress,2.32E+15,Good,1
2450,Quimba,474-35-5497,4497,Suzuki,Sidekick,Puce,1997,70663.32,2,0.48,67296-0470,Tammi Hurch,Female,Health Coach I,702-484-8672,thurchez@home.pl,Las Vegas,United States,Nevada,9 Briar Crest Street,2018-01-31,50383-063,2018-05-05,First Class,Air,89140,visa,4.42E+15,Very Good,1
1846,Chatterpoint,574-31-2723,4958,Infiniti,Q,Violet,2004,99894.62,1,0.45,49349-472,Daryl Haveline,Male,Associate Professor,386-518-3293,dhavelineia@cornell.edu,Daytona Beach,United States,Florida,0355 Oxford Alley,2018-01-31,54868-0113,2018-05-21,Same Day,Air,32128,diners-club-enroute,3.46E+15,Good,1
3547,Podcat,437-73-6762,3824,Suzuki,XL-7,Teal,2006,95225.15,1,0.6,75940-122,Arnie Fiddiman,Male,Geologist IV,256-423-3748,afiddimanmd@google.co.jp,Gadsden,United States,Alabama,006 Anhalt Road,2018-01-31,55154-9420,2018-03-04,Standard Class,Air,35905,switch,2.67E+15,Very Good,1
3825,Meezzy,891-42-5567,4443,Kia,Soul,Violet,2012,88024.28,2,0.43,57237-025,Germain Darleston,Female,Account Representative IV,530-843-7188,gdarleston7r@woothemes.com,Chico,United States,California,47 Anhalt Park,2018-01-31,57520-0332,2018-04-23,Second Class,Truck,95973,jcb,2.17E+15,Good,1
1495,Jetwire,345-99-5630,4860,Subaru,Legacy,Pink,2010,70356.7,1,0.56,43458-1004,Dawna Crier,Female,Executive Secretary,602-896-0611,dcrier75@kickstarter.com,Phoenix,United States,Arizona,7324 Kinsman Road,2018-01-02,55289-463,2018-02-23,Second Class,Truck,85062,jcb,3.68E+15,Very Good,1
1279,Brightdog,254-67-4087,3936,Acura,Integra,Mauv,1998,86524.22,2,0.6,12830-739,Julina Rowcastle,Female,Design Engineer,630-767-5118,jrowcastlee3@examiner.com,Naperville,United States,Illinois,45 Farragut Parkway,2018-01-02,64024-970,2018-04-03,Second Class,Air,60567,china-unionpay,3.42E+15,Good,1
1537,Feednation,420-28-1587,4810,Lexus,GX,Teal,2003,85805.16,2,0.55,0054-8181,James Doneld,Male,Computer Systems Analyst II,205-979-4979,jdoneldd8@tinypic.com,Tuscaloosa,United States,Alabama,32960 Shopko Street,2018-01-02,68788-9204,2018-02-26,Standard Class,Air,35405,laser,2.62E+15,Good,1
1628,Feedfire,828-88-3282,4872,Nissan,GT-R,Turquoise,2011,86869.83,2,0.47,55301-411,Tamas Claye,Male,Information Systems Manager,502-270-9040,tclayefu@surveymonkey.com,Louisville,United States,Kentucky,55 Nancy Lane,2018-01-02,75857-1100,2018-05-02,Second Class,Air,40280,jcb,2.76E+15,Good,1
2234,Yabox,179-12-3107,3970,Chevrolet,Bel Air,Goldenrod,1967,79667.59,1,0.44,43857-0023,Ric Limbert,Male,Director of Sales,904-875-1436,rlimbertem@usgs.gov,Jacksonville,United States,Florida,254 Shopko Trail,2018-02-02,0591-3964,2018-05-22,Second Class,Truck,32259,maestro,3.54E+15,Very Good,1
3206,JumpXS,220-65-0031,4340,Mitsubishi,Galant,Aquamarine,2004,98996.09,1,0.53,55550-102,Ly Hordle,Male,Product Engineer,562-833-3335,lhordled4@about.com,Long Beach,United States,California,0 Gulseth Way,2018-02-02,0615-1311,2018-05-03,Standard Class,Air,90810,diners-club-enroute,3.50E+15,Very Good,1
1874,Yadel,210-96-7174,3545,Chevrolet,Malibu,Goldenrod,1997,94720.55,1,0.56,0113-0425,Paloma Keatch,Female,Environmental Specialist,234-289-1283,pkeatchlb@is.gd,Akron,United States,Ohio,7645 Twin Pines Alley,2018-02-02,41250-299,2018-05-02,First Class,Truck,44393,jcb,2.54E+15,Okay,1
1274,Gabspot,223-18-3159,4339,Mercury,Grand Marquis,Crimson,1990,93545.81,2,0.45,62839-2810,Jarib O'Currane,Male,Clinical Specialist,817-947-7356,jocurrane56@usda.gov,Fort Worth,United States,Texas,269 Manitowish Road,2018-02-02,42858-302,2018-02-14,First Class,Truck,76129,diners-club-enroute,4.57E+15,Okay,1
1095,Photolist,212-72-8973,3865,Subaru,Impreza,Maroon,2006,96891.24,1,0.41,51785-514,Teodor Lawly,Male,Analyst Programmer,727-500-3606,tlawlyd6@aboutads.info,Clearwater,United States,Florida,2 Sunbrook Parkway,2018-03-02,21130-002,2018-03-15,Same Day,Air,33763,jcb,4.75E+15,Very Good,1
2818,Kare,548-45-4741,3993,Ford,Aspire,Puce,1995,86250.64,1,0.47,0462-0264,Sukey Foan,Female,Registered Nurse,213-221-2269,sfoanas@hugedomains.com,Los Angeles,United States,California,48134 Macpherson Circle,2018-03-02,49527-801,2018-03-27,Second Class,Air,90189,jcb,3.64E+15,Good,1
2033,Feedmix,631-99-9505,4258,Pontiac,Grand Prix,Indigo,1994,98021.32,2,0.68,55150-125,Elysha Marquez,Female,Assistant Manager,414-982-2282,emarqueznf@google.de,Milwaukee,United States,Wisconsin,53148 Northview Way,2018-03-02,51672-4050,2018-05-04,First Class,Truck,53215,diners-club-carte-blanche,1.61E+15,Bad,1
1249,Voomm,348-17-1178,4982,Chevrolet,Tahoe,Goldenrod,2007,86136.57,1,0.53,68016-081,Gaston Leeman,Male,Database Administrator IV,515-405-2235,gleemankh@telegraph.co.uk,Des Moines,United States,Iowa,12 Hermina Street,2018-03-02,59779-324,2018-04-02,Second Class,Truck,50305,mastercard,3.64E+15,Very Bad,1
1282,Bluejam,233-98-2395,4626,Nissan,Pathfinder Armada,Turquoise,2004,78605.76,1,0.64,65923-703,Velma Windrus,Female,Pharmacist,816-863-4515,vwindrus9z@wisc.edu,Kansas City,United States,Missouri,510 Graceland Court,2018-03-02,67457-238,2018-04-03,Standard Class,Truck,64193,jcb,4.26E+15,Okay,1
2265,Edgetag,537-46-5679,3663,Chevrolet,Corvette,Indigo,1953,89007.64,1,0.4,0002-7597,Foss Ratcliffe,Male,Chief Design Engineer,360-923-0728,fratcliffed3@blog.com,Olympia,United States,Washington,4941 Tomscot Drive,2018-03-02,68428-158,2018-05-05,First Class,Air,98506,visa,4.27E+15,Very Bad,1
3962,Twitterwire,368-25-9482,4125,Daewoo,Lanos,Indigo,2001,82403.57,2,0.45,0485-0096,Rolfe Hamel,Male,Occupational Therapist,718-341-7678,rhamelgv@com.com,Staten Island,United States,New York,371 Fuller Parkway,2018-02-02,10267-3852,2018-05-18,First Class,Air,10305,diners-club-us-ca,2.35E+15,Bad,1
3329,Zava,339-20-6980,4920,Scion,xB,Pink,2005,88970.78,2,0.62,61047-817,Hart Martins,Male,Accounting Assistant II,520-854-6196,hmartins8e@sohu.com,Tucson,United States,Arizona,59 Hoffman Junction,2018-02-02,33992-0054,2018-05-03,First Class,Air,85754,visa-electron,2.64E+15,Bad,1
2333,Skiptube,424-76-5495,3932,Chevrolet,APV,Mauv,1993,80128.82,2,0.52,67938-1397,Clarissa Bruniges,Female,Recruiting Manager,303-939-5642,cbruniges8v@issuu.com,Aurora,United States,Colorado,17 Dunning Circle,2018-02-02,49288-0456,2018-05-03,First Class,Air,80045,jcb,4.91E+15,Good,1
3990,Demizz,890-35-5664,4922,Nissan,240SX,Purple,1995,89597.91,1,0.53,51143-296,Nannie McGarrell,Female,Account Coordinator,816-161-2822,nmcgarrellrf@booking.com,Kansas City,United States,Missouri,68 Mosinee Street,2018-02-02,49348-920,2018-05-03,First Class,Truck,64193,jcb,3.61E+15,Very Bad,1
3619,Shuffletag,607-18-5770,3887,Geo,Metro,Red,1992,96551.74,1,0.54,49349-892,Lorena Calleja,Female,Budget/Accounting Analyst IV,817-380-6223,lcallejab7@deviantart.com,Arlington,United States,Texas,84 Clarendon Parkway,2018-03-02,53329-089,2018-05-02,Second Class,Truck,76004,diners-club-carte-blanche,3.53E+15,Very Bad,1
3615,Eayo,363-41-0203,3582,Volvo,S40,Purple,2000,75880.16,1,0.46,64117-228,Cindelyn Pittson,Female,Sales Associate,602-443-5103,cpittsonku@scribd.com,Tempe,United States,Arizona,3 Dwight Avenue,2018-03-02,59547-310,2018-05-27,First Class,Truck,85284,mastercard,1.43E+15,Okay,1
2017,Jazzy,641-37-3900,4661,Volkswagen,GTI,Crimson,1991,99371.71,2,0.45,0067-4870,Ariadne Crowth,Female,Database Administrator II,203-112-7711,acrowth5k@angelfire.com,Stamford,United States,Connecticut,40532 Moland Circle,2018-02-02,24236-608,2018-03-03,First Class,Air,6922,jcb,4.32E+15,Good,1
1336,Rhynoodle,883-45-8165,4146,Jaguar,XK,Blue,2006,70649.36,2,0.51,68391-517,Lois Braunstein,Female,Nuclear Power Engineer,253-522-6297,lbraunstein85@fastcompany.com,Lakewood,United States,Washington,34 Dwight Court,2018-02-02,24488-021,2018-03-03,Standard Class,Air,98498,jcb,2.68E+15,Very Good,1
2347,Devpoint,497-11-1518,3825,Lincoln,Mark VIII,Blue,1994,94137.05,2,0.53,63187-181,Filippa Fowlie,Female,Cost Accountant,213-927-4402,ffowlie53@ustream.tv,Los Angeles,United States,California,40 Messerschmidt Park,2018-02-02,33261-825,2018-05-17,First Class,Truck,90055,jcb,3.11E+15,Very Bad,1
1654,Voolia,698-94-3065,4595,Land Rover,Freelander,Crimson,2009,95285.04,1,0.59,55316-478,Billie Bullivant,Male,Civil Engineer,303-315-8967,bbullivant5j@foxnews.com,Denver,United States,Colorado,7911 Bobwhite Crossing,2018-02-02,54575-349,2018-05-06,Same Day,Truck,80255,jcb,3.99E+15,Okay,1
3144,Skynoodle,120-53-8038,4094,Ford,Econoline E350,Goldenrod,1992,89511.02,2,0.67,65321-515,Maje MacShirie,Male,Programmer I,318-739-8113,mmacshirie1d@unicef.org,Shreveport,United States,Louisiana,36 Oxford Lane,2018-02-02,66915-613,2018-05-14,Same Day,Air,71130,bankcard,4.67E+15,Very Bad,1
2517,Yotz,579-85-4630,4576,Chevrolet,Tahoe,Violet,2005,84615.65,1,0.59,50484-303,Fredek Curwen,Male,Software Engineer I,419-388-9476,fcurwenl8@storify.com,Toledo,United States,Ohio,5533 Shoshone Place,2018-03-02,0591-3221,2018-05-02,Standard Class,Air,43699,maestro,4.08E+15,Very Good,1
3811,Skiptube,829-46-6307,4888,Toyota,Sequoia,Yellow,2006,81880.62,2,0.48,44717-536,Merrill Ryves,Male,Director of Sales,937-970-1815,mryves63@moonfruit.com,Springfield,United States,Ohio,72042 Merry Hill,2018-01-02,0228-3504,2018-04-16,Same Day,Air,45505,jcb,3.37E+15,Good,1
1412,Podcat,540-10-3026,3953,Lincoln,Mark VIII,Maroon,1997,77704.42,2,0.65,10812-421,Hildegarde De Rye Barrett,Female,Cost Accountant,305-726-6964,hdeaj@go.com,Hialeah,United States,Florida,1 Cambridge Hill,2018-01-02,61699-0047,2018-04-02,Same Day,Air,33018,mastercard,1.60E+15,Very Good,1
2568,Twitterlist,181-96-4964,4381,Lincoln,MKZ,Violet,2007,94195.57,1,0.53,30142-406,Matthieu Bonifant,Male,Accountant IV,801-430-3792,mbonifant87@engadget.com,Salt Lake City,United States,Utah,86 Annamark Pass,2018-01-02,66758-054,2018-03-03,Same Day,Air,84130,china-unionpay,2.22E+15,Good,1
2682,Tagopia,337-64-4060,4752,Toyota,Tundra,Crimson,2010,79477.32,1,0.42,67457-594,Alexandros Manuel,Male,Structural Engineer,320-943-9301,amanuel1@usnews.com,Saint Cloud,United States,Minnesota,209 Lerdahl Alley,2018-02-13,0699-5728,2018-05-03,Standard Class,Truck,56398,jcb,2.52E+15,Good,1
1743,Wikibox,650-81-9232,4222,Mercedes-Benz,SL-Class,Crimson,2009,93184.24,1,0.66,65162-642,Olvan Strewthers,Male,Product Engineer,407-487-9306,ostrewthersnq@foxnews.com,Orlando,United States,Florida,894 Washington Parkway,2018-02-13,42507-247,2018-03-06,Second Class,Truck,32830,instapayment,1.69E+15,Bad,1
2409,Bluejam,865-17-8441,4806,Volvo,C70,Blue,2013,86174.22,2,0.57,54312-325,Idelle Fitch,Female,Recruiting Manager,859-625-7974,ifitchp2@mail.ru,Lexington,United States,Kentucky,31434 American Court,2018-02-13,48951-7116,2018-02-20,Second Class,Truck,40596,jcb,3.17E+15,Very Bad,1
1208,Avavee,129-96-5072,4020,Dodge,Viper,Khaki,1999,84622.88,1,0.47,68639-0001,Jud Dominelli,Male,VP Marketing,608-835-8333,jdominellipc@youku.com,Madison,United States,Wisconsin,6712 Glendale Street,2018-02-13,55319-504,2018-03-20,Same Day,Air,53726,visa,1.72E+15,Okay,1
1953,Leenti,450-37-8265,4839,Chevrolet,3500,Maroon,1998,82631.63,1,0.44,16590-080,Joline Mohun,Female,Dental Hygienist,727-443-5253,jmohun69@ocn.ne.jp,Clearwater,United States,Florida,0 Hansons Way,2018-02-13,55714-2203,2018-04-23,Standard Class,Air,34620,mastercard,3.05E+15,Very Bad,1
1483,Divanoodle,511-35-4021,3691,Ford,Taurus,Indigo,2010,82776.6,2,0.58,42549-497,Ryann Torel,Female,Paralegal,312-619-6759,rtorel4s@cyberchimps.com,Chicago,United States,Illinois,9 Colorado Street,2018-02-13,63323-125,2018-05-23,Same Day,Air,60686,jcb,2.11E+15,Bad,1
2071,Kanoodle,665-26-5875,3508,Jaguar,S-Type,Violet,2006,94846.19,1,0.57,67938-0904,Brit Haville,Male,Project Manager,661-811-9656,bhavillea4@newyorker.com,Bakersfield,United States,California,90947 Donald Parkway,2018-02-14,0179-0128,2018-03-27,Standard Class,Air,93311,diners-club-enroute,1.52E+15,Very Good,1
1854,Topiczoom,821-61-8212,4459,Hyundai,Sonata,Crimson,1994,94823.48,2,0.62,0268-1139,Joannes Collingdon,Female,Assistant Media Planner,203-516-9913,jcollingdonck@squidoo.com,Waterbury,United States,Connecticut,497 Summit Center,2018-02-14,16714-588,2018-03-24,Standard Class,Air,6726,americanexpress,4.28E+15,Okay,1
2165,Twimbo,295-01-6025,4008,Audi,5000S,Aquamarine,1987,99548.33,2,0.69,48951-8160,Keith Crickett,Male,Senior Editor,919-509-4728,kcrickett9n@skype.com,Durham,United States,North Carolina,56 Schmedeman Place,2018-02-14,54868-6366,2018-05-31,Second Class,Truck,27710,diners-club-enroute,2.24E+15,Good,1
2597,Yakidoo,119-85-3166,3776,MG,MGB,Khaki,1977,83113.43,2,0.52,66969-6014,Gianna Wycliffe,Female,Pharmacist,407-923-9393,gwycliffegq@java.com,Orlando,United States,Florida,9 Forest Dale Crossing,2018-02-14,55154-5154,2018-03-21,Second Class,Air,32859,jcb,1.31E+15,Very Good,1
1089,Youbridge,303-10-2442,4876,BMW,530,Purple,2002,79759.44,1,0.42,54868-1971,Dorry Bramwich,Female,Quality Engineer,253-722-9953,dbramwich5p@shinystat.com,Tacoma,United States,Washington,5570 Anthes Park,2018-02-14,58118-2528,2018-03-05,Second Class,Air,98447,jcb,1.89E+15,Okay,1
1847,Gabspot,864-45-4899,4770,Dodge,Neon,Blue,2002,72722.97,1,0.63,16477-811,Ludwig Hovert,Male,Research Associate,719-478-5077,lhovert8o@nymag.com,Colorado Springs,United States,Colorado,0390 Bobwhite Terrace,2018-02-14,65862-526,2018-04-05,Same Day,Truck,80925,bankcard,4.29E+15,Bad,1
2166,Ainyx,433-04-4627,4786,GMC,Canyon,Goldenrod,2007,93158.79,2,0.47,10819-3737,Broddy Takle,Male,Civil Engineer,808-630-7794,btakle5v@domainmarket.com,Honolulu,United States,Hawaii,6 Towne Point,2018-02-15,0591-2230,2018-05-05,Second Class,Truck,96815,visa,3.90E+15,Very Bad,1
2434,Skinte,585-25-3757,3784,Hyundai,Veracruz,Khaki,2009,70173.7,1,0.51,53113-266,Carine Watman,Female,Statistician I,731-339-1951,cwatman8x@wix.com,Jackson,United States,Tennessee,89330 Melvin Street,2018-02-15,35356-197,2018-03-22,Standard Class,Air,38308,china-unionpay,2.43E+15,Okay,1
2259,Quimba,349-54-1230,4833,Volvo,C70,Turquoise,2010,78682.13,2,0.63,66259-701,Estele Baggett,Female,Structural Engineer,614-674-9191,ebaggettqc@about.me,Columbus,United States,Ohio,2435 Goodland Circle,2018-02-15,50563-180,2018-04-04,Second Class,Truck,43268,americanexpress,3.94E+15,Bad,1
2936,Skinder,343-66-6270,3745,Acura,TL,Pink,2007,80721.88,1,0.66,50436-4379,Maryl Jacquemard,Female,Graphic Designer,864-248-2548,mjacquemard8f@google.ru,Anderson,United States,South Carolina,83 Montana Park,2018-02-15,53950-7007,2018-03-03,Second Class,Air,29625,switch,4.02E+15,Very Bad,1
3221,Snaptags,245-67-0465,4303,Ram,Dakota,Green,2011,75793.74,2,0.62,55154-3379,Derick Scottesmoor,Male,VP Product Management,606-222-9568,dscottesmoorqu@barnesandnoble.com,London,United States,Kentucky,2 Westport Terrace,2018-02-15,61995-2371,2018-05-14,Second Class,Air,40745,diners-club-carte-blanche,1.82E+15,Okay,1
3220,Skimia,869-81-5558,3938,GMC,Savana 3500,Teal,2007,90667.01,2,0.64,41250-467,Hatty Melmore,Female,Assistant Media Planner,717-315-7277,hmelmore6m@spotify.com,Harrisburg,United States,Pennsylvania,93997 Scofield Lane,2018-02-15,63187-185,2018-03-22,First Class,Truck,17105,jcb,3.66E+15,Very Good,1
3599,Meejo,506-59-6468,4801,Porsche,Boxster,Purple,2002,84478.08,1,0.56,36987-1498,Seamus Harrell,Male,Software Test Engineer II,205-686-6704,sharrellb3@twitter.com,Birmingham,United States,Alabama,99 Dawn Place,2018-02-15,65224-539,2018-04-03,Second Class,Truck,35225,diners-club-carte-blanche,2.29E+15,Okay,1
1415,Dabfeed,422-06-7486,4298,BMW,M Roadster,Yellow,2008,83038.49,1,0.47,65862-536,Keen Galego,Male,Mechanical Systems Engineer,915-129-2280,kgalego62@lulu.com,El Paso,United States,Texas,993 Mandrake Street,2018-02-16,43063-209,2018-04-24,First Class,Truck,88530,diners-club-carte-blanche,1.80E+15,Very Bad,1
1248,Yodo,237-23-4929,3985,Lexus,RX,Aquamarine,2002,95699.67,2,0.51,54569-0843,Matilda Kegan,Female,VP Sales,773-697-9188,mkegan9a@github.com,Chicago,United States,Illinois,439 Mallory Place,2018-02-16,52125-531,2018-03-23,Second Class,Air,60657,visa,2.46E+15,Very Good,1
2443,Eamia,190-67-6241,3778,Honda,CR-X,Goldenrod,1985,81399.78,1,0.6,41163-496,Britta Danielsky,Female,Desktop Support Technician,516-936-3022,bdanielsky7z@stumbleupon.com,New Hyde Park,United States,New York,8185 Crescent Oaks Terrace,2018-02-16,57520-0500,2018-05-13,Standard Class,Air,11044,jcb,1.50E+15,Good,1
1325,Wikibox,767-51-2913,4509,Hyundai,Tucson,Red,2010,99704.46,2,0.7,41190-915,Isadora Riggoll,Female,Assistant Manager,724-372-9092,iriggollgn@gravatar.com,New Castle,United States,Pennsylvania,0 Toban Parkway,2018-02-17,0069-3120,2018-03-24,Standard Class,Truck,16107,mastercard,4.67E+15,Okay,1
2561,Voomm,672-81-9502,4036,Ford,Bronco II,Turquoise,1989,78372.26,2,0.66,0093-5142,Lexie Lymbourne,Female,Cost Accountant,706-924-7335,llymbourneb9@squarespace.com,Athens,United States,Georgia,827 Lien Way,2018-02-17,0220-9314,2018-03-24,First Class,Air,30610,jcb,3.63E+15,Very Good,1
1114,Gabcube,768-57-3316,4667,Mazda,Miata MX-5,Crimson,2008,93152.59,2,0.62,54569-1155,Siward Stainton - Skinn,Male,Statistician I,407-575-8746,sstaintonel@mac.com,Orlando,United States,Florida,30499 Spohn Avenue,2018-02-17,41520-114,2018-03-26,Second Class,Truck,32835,americanexpress,3.35E+15,Very Good,1
2571,Quaxo,646-21-7402,4338,Buick,Park Avenue,Red,2000,99336.89,1,0.65,64125-127,Warden Pund,Male,Information Systems Manager,775-308-3119,wpundg8@arizona.edu,Carson City,United States,Nevada,63051 Anzinger Street,2018-02-17,51523-006,2018-02-24,Second Class,Air,89706,switch,2.52E+15,Very Good,1
1482,Twitterworks,312-35-7412,3900,Suzuki,Grand Vitara,Goldenrod,2002,86923.41,2,0.62,64990-601,Marcia Burdis,Female,Environmental Tech,941-127-1885,mburdisig@unicef.org,Sarasota,United States,Florida,93 Manufacturers Junction,2018-02-17,55910-042,2018-02-27,Same Day,Air,34276,diners-club-enroute,3.22E+15,Good,1
1573,Mycat,601-43-4107,3746,Mazda,MX-5,Purple,2001,77562.54,2,0.54,54868-5545,Erny Lapwood,Male,Senior Editor,205-303-9173,elapwoodke@zimbio.com,Birmingham,United States,Alabama,57759 Fallview Parkway,2018-02-18,0113-0166,2018-03-25,Second Class,Air,35205,jcb,3.08E+15,Very Good,1
1809,Browsebug,864-23-1420,4550,Audi,A8,Indigo,2012,86074.14,1,0.44,68745-1057,Riannon Vaisey,Female,Environmental Specialist,951-862-0351,rvaiseyo8@nytimes.com,Riverside,United States,California,150 Farragut Trail,2018-02-18,0268-6640,2018-03-30,Second Class,Truck,92513,diners-club-enroute,2.39E+15,Very Good,1
2356,Cogidoo,420-99-2483,3519,Dodge,Dakota,Blue,1993,75369.26,2,0.49,10631-099,Marcela Nials,Female,Biostatistician IV,952-896-2862,mnialsis@goo.ne.jp,Young America,United States,Minnesota,41 Clove Center,2018-02-18,0591-0885,2018-03-22,Standard Class,Air,55564,jcb,3.08E+15,Very Good,1
3648,Avaveo,866-62-6025,4196,Nissan,Titan,Puce,2009,90636.01,2,0.6,50730-8719,Elmo Kornacki,Male,Financial Analyst,484-705-8462,ekornackins@de.vu,Reading,United States,Pennsylvania,12 Butternut Drive,2018-02-18,47682-073,2018-04-19,Second Class,Air,19605,jcb,2.10E+15,Okay,1
2551,Zoonoodle,610-12-0339,4534,Toyota,Land Cruiser,Turquoise,1992,87230.48,2,0.55,75857-1123,Ronni Jeffress,Female,Budget/Accounting Analyst I,516-795-9981,rjeffresskw@usgs.gov,New Hyde Park,United States,New York,6550 Fallview Avenue,2018-02-18,57237-095,2018-03-22,First Class,Truck,11044,bankcard,2.82E+15,Very Good,1
2110,Kazu,629-11-7458,4435,Subaru,Impreza,Khaki,1996,96712,2,0.65,0713-0166,Annmaria Thireau,Female,Biostatistician II,334-697-1884,athireau8t@google.es,Montgomery,United States,Alabama,23304 Village Trail,2018-02-18,63304-445,2018-04-03,Same Day,Truck,36104,jcb,4.26E+15,Good,1
2901,Thoughtbridge,686-99-7947,4057,Buick,Roadmaster,Crimson,1991,96216.23,1,0.58,53808-0396,Eddie Ortsmann,Female,Safety Technician IV,312-110-7916,eortsmann7m@studiopress.com,Chicago,United States,Illinois,6 Maryland Road,2018-02-19,54473-210,2018-05-17,Same Day,Air,60609,jcb,4.85E+15,Very Good,1
3098,Zoomcast,835-58-8785,4154,Isuzu,Rodeo,Green,1998,71133.07,2,0.69,50844-753,Arielle Chrestien,Female,Research Nurse,214-971-5732,achrestien6z@va.gov,Dallas,United States,Texas,70214 Maywood Lane,2018-02-19,55154-2416,2018-03-26,Standard Class,Truck,75323,bankcard,4.92E+15,Good,1
3119,Mynte,323-91-4731,4532,Bentley,Continental Flying Spur,Fuscia,2009,73653.04,2,0.5,65517-0027,Iain Potell,Male,Software Consultant,812-313-8264,ipotellm@sogou.com,Evansville,United States,Indiana,0683 Everett Trail,2018-02-20,13537-217,2018-04-05,Second Class,Truck,47725,maestro,1.37E+15,Very Good,1
3581,Wordpedia,325-38-0058,4420,Maserati,GranTurismo,Orange,2011,91276.11,1,0.4,24385-549,Matty Dabinett,Male,Marketing Manager,619-147-1030,mdabinett5d@discovery.com,Chula Vista,United States,California,2765 Carioca Street,2018-02-20,41900-500,2018-02-28,First Class,Air,91913,china-unionpay,2.18E+15,Good,1
2010,Devbug,752-26-0836,3650,Mercedes-Benz,SL-Class,Purple,1995,95008.58,1,0.62,53808-0832,Arnie Bailey,Male,Safety Technician II,954-406-6986,abailey67@harvard.edu,Fort Lauderdale,United States,Florida,2022 Gale Court,2018-02-20,49349-069,2018-05-15,Second Class,Truck,33305,jcb,3.10E+15,Good,1
2519,Tagcat,803-42-2537,3501,Volkswagen,GTI,Blue,2011,80690.46,1,0.4,64679-743,Ulrich Starkie,Male,Senior Sales Associate,331-368-8257,ustarkiejs@shareasale.com,Aurora,United States,Illinois,8 Washington Crossing,2018-02-20,49884-397,2018-03-27,Same Day,Air,60505,mastercard,3.08E+15,Good,1
1797,Oloo,148-76-9008,3537,Chevrolet,Camaro,Turquoise,1970,80887.67,1,0.57,32909-723,De witt Abramovitz,Male,Web Designer IV,907-152-0169,dwittmi@usda.gov,Anchorage,United States,Alaska,998 Canary Hill,2018-02-20,50322-005,2018-04-26,Standard Class,Air,99599,maestro,4.64E+15,Good,1
1893,Digitube,282-02-0435,4740,Mazda,MX-6,Turquoise,1996,89147.6,1,0.56,36800-004,Steven Enders,Male,Assistant Media Planner,813-898-1241,senders3o@shinystat.com,Tampa,United States,Florida,7513 Lighthouse Bay Center,2018-02-20,65003-018,2018-05-29,Standard Class,Truck,33673,diners-club-enroute,2.03E+15,Very Good,1
3975,Janyx,898-97-6903,4706,Mazda,B-Series,Khaki,2006,77883.92,1,0.67,0555-1054,Danica Osgood,Female,Financial Advisor,202-950-2460,dosgoodrq@walmart.com,Washington,United States,District of Columbia,3530 5th Circle,2018-02-21,0641-6073,2018-03-03,First Class,Air,20404,jcb,1.50E+15,Very Good,1
2669,Brainsphere,105-82-0581,4190,Cadillac,Escalade EXT,Blue,2010,72719.15,2,0.67,36987-1163,Laurens Wye,Male,Web Developer II,212-155-4033,lwyeng@printfriendly.com,New York City,United States,New York,726 Oneill Hill,2018-02-21,13668-343,2018-03-04,First Class,Air,10275,china-unionpay,2.37E+15,Very Good,1
3253,Yamia,134-03-8131,4450,Subaru,Alcyone SVX,Red,1994,81030.05,2,0.68,55154-7453,Ofelia Bevans,Female,Geologist I,515-783-6239,obevanskq@parallels.com,Des Moines,United States,Iowa,67 Emmet Lane,2018-02-21,43269-835,2018-03-28,First Class,Truck,50369,switch,2.74E+15,Okay,1
1840,Kwinu,337-41-5636,4956,Dodge,Ram Wagon B150,Purple,1994,99490.76,2,0.51,36000-175,Audrie Wilber,Female,Data Coordiator,212-878-1214,awilberaf@buzzfeed.com,New York City,United States,New York,11 Golf Parkway,2018-02-21,49288-0906,2018-02-28,Standard Class,Air,10184,jcb,3.78E+15,Good,1
1702,Jetwire,823-89-9741,4183,Honda,Civic Si,Mauv,2006,95633.17,2,0.46,52584-626,Brenda Leggat,Female,Research Associate,206-315-9268,bleggata9@si.edu,Seattle,United States,Washington,365 Rieder Point,2018-02-21,55154-0680,2018-04-26,Second Class,Air,98148,jcb,2.14E+15,Good,1
3605,Skyba,314-36-3449,4681,Lincoln,Aviator,Orange,2004,97440.6,1,0.62,0178-0370,Fair Ingry,Male,Web Designer IV,603-501-8133,fingry9w@posterous.com,Portsmouth,United States,New Hampshire,64137 Pond Circle,2018-02-21,59958-200,2018-03-28,Second Class,Truck,3804,jcb,4.14E+15,Okay,1
1211,Tagcat,879-54-8503,4997,Pontiac,Fiero,Violet,1984,70851.06,1,0.65,36800-262,Eudora Joscelyne,Female,Developer I,319-289-2106,ejoscelynebc@goo.gl,Cedar Rapids,United States,Iowa,355 Blue Bill Park Lane,2018-02-22,0591-0338,2018-03-13,Same Day,Air,52405,jcb,4.69E+15,Very Good,1
2754,Teklist,820-79-0743,4934,Lexus,ES,Mauv,2012,97391.9,2,0.48,16590-301,Sibley Benez,Female,Office Assistant I,917-236-1953,sbenezm4@stumbleupon.com,Jamaica,United States,New York,7 Oriole Drive,2018-02-22,21749-527,2018-05-05,First Class,Air,11436,visa,4.20E+15,Okay,1
1883,Agimba,296-32-9525,3977,Scion,xD,Blue,2011,77735.37,1,0.4,59746-211,Madonna Agge,Female,GIS Technical Architect,719-523-4709,magge8d@imdb.com,Pueblo,United States,Colorado,99 Derek Crossing,2018-02-22,54569-0322,2018-04-23,Second Class,Truck,81010,bankcard,4.18E+15,Very Good,1
3911,Jabbercube,496-50-4716,4370,Saturn,VUE,Purple,2009,96258.12,2,0.56,41163-478,Dugald Deakin,Male,Senior Cost Accountant,303-904-3257,ddeakin51@list-manage.com,Aurora,United States,Colorado,2 Milwaukee Point,2018-02-22,55504-9003,2018-04-28,Standard Class,Truck,80044,china-unionpay,1.39E+15,Good,1
2332,Oozz,635-15-3112,4629,Volkswagen,Cabriolet,Fuscia,1990,94221.38,2,0.47,0591-5307,Flint Gunston,Male,Operator,407-830-3175,fgunston3@mozilla.org,Orlando,United States,Florida,9682 Warbler Terrace,2018-02-22,57520-1044,2018-03-16,First Class,Truck,32885,jcb,4.39E+15,Very Good,1
3878,Zoombeat,874-28-5123,4035,BMW,M3,Mauv,2012,97713.69,1,0.58,0603-2433,Gerladina Beswetherick,Female,Recruiter,212-479-7667,gbeswetherickgs@google.it,New York City,United States,New York,204 North Trail,2018-02-22,59078-031,2018-03-29,Same Day,Truck,10009,jcb,3.19E+15,Very Good,1
2911,Realbuzz,681-37-9765,4627,Buick,Riviera,Yellow,1997,71645.3,1,0.47,52959-997,Kilian Ivie,Male,Cost Accountant,864-182-7760,kivie1a@ted.com,Spartanburg,United States,South Carolina,4152 Grayhawk Avenue,2018-02-23,0440-1771,2018-04-05,Second Class,Air,29319,visa,3.26E+15,Good,1
3044,Voonte,167-88-2365,4307,Bentley,Azure,Indigo,2010,85728.11,2,0.5,50563-112,Trip Stansell,Male,Budget/Accounting Analyst I,303-501-9600,tstansell6j@merriam-webster.com,Littleton,United States,Colorado,6 Fallview Point,2018-02-23,11896-0018,2018-05-05,Standard Class,Truck,80127,americanexpress,2.09E+15,Good,1
1057,Voolia,723-29-9697,4998,Dodge,Dynasty,Yellow,1992,99698.28,1,0.57,52054-215,Vince Sheekey,Male,Financial Advisor,617-645-5606,vsheekeyrc@nps.gov,Cambridge,United States,Massachusetts,85951 Mayfield Hill,2018-02-23,55301-243,2018-04-17,First Class,Air,2142,maestro,2.64E+15,Good,1
3120,Thoughtworks,574-74-0037,4720,Pontiac,Grand Prix,Fuscia,2002,80727.51,2,0.46,0135-0460,Chadd Firpi,Male,Administrative Assistant III,479-672-2885,cfirpi1o@wp.com,Fort Smith,United States,Arkansas,3 Corscot Circle,2018-02-23,58118-0212,2018-04-19,Standard Class,Truck,72905,china-unionpay,4.35E+15,Very Good,1
2001,Omba,458-38-5152,3786,Mitsubishi,Endeavor,Orange,2009,84706.81,1,0.56,51523-018,Homere Denford,Male,Operator,501-383-4943,hdenford19@toplist.cz,Little Rock,United States,Arkansas,795 Portage Alley,2018-02-23,76519-1011,2018-05-04,Same Day,Truck,72204,jcb,3.53E+15,Okay,1
1144,Dynabox,432-13-7009,4991,Pontiac,Grand Prix,Aquamarine,1992,94894.77,1,0.64,11822-0900,Will Lumley,Male,Statistician IV,212-512-9828,wlumley74@vimeo.com,New York City,United States,New York,33 Buhler Court,2018-02-24,25021-824,2018-02-28,Same Day,Air,10029,diners-club-enroute,3.99E+15,Okay,1
2801,Linkbridge,746-17-1815,4231,Mazda,MX-3,Pink,1994,83302.01,1,0.5,65841-695,Christie Cerie,Female,Electrical Engineer,361-535-1418,cceriem0@ed.gov,Corpus Christi,United States,Texas,063 Pankratz Court,2018-02-24,36987-2236,2018-04-19,First Class,Air,78465,americanexpress,2.75E+15,Good,1
1592,Eimbee,102-41-0153,3710,Mercedes-Benz,E-Class,Aquamarine,2002,90113.46,1,0.48,60760-978,Dannie Bold,Male,Occupational Therapist,678-609-3172,dboldfm@berkeley.edu,Atlanta,United States,Georgia,49986 Warbler Center,2018-02-24,43353-867,2018-05-26,Same Day,Truck,30301,jcb,1.56E+15,Very Good,1
3611,Topicstorm,557-02-9169,3560,Pontiac,Montana,Turquoise,2005,71224.95,2,0.54,54868-5585,Brandtr Playhill,Male,Database Administrator IV,775-503-6439,bplayhillfx@uol.com.br,Carson City,United States,Nevada,56197 Hollow Ridge Terrace,2018-02-24,49738-872,2018-04-14,Same Day,Truck,89714,jcb,4.82E+15,Good,1
2080,Buzzbean,123-20-9005,4130,Mazda,Protege,Green,1998,78948.71,2,0.47,49967-372,Sally Timmes,Female,Associate Professor,772-707-3854,stimmeso0@businessinsider.com,Port Saint Lucie,United States,Florida,8354 David Circle,2018-02-24,52686-230,2018-04-26,Second Class,Truck,34985,visa-electron,3.21E+15,Very Good,1
3462,Tagcat,146-37-9519,4400,Mercedes-Benz,SLS-Class,Pink,2011,81230.36,1,0.54,0591-0932,Valery Crole,Female,Senior Cost Accountant,209-717-5017,vcroleo7@shop-pro.jp,Fresno,United States,California,50942 Bellgrove Street,2018-02-25,10596-330,2018-04-04,First Class,Truck,93715,jcb,2.04E+15,Very Good,1
2362,Jayo,811-83-2542,4268,Mitsubishi,Galant,Indigo,1988,98595.76,1,0.44,57955-1531,Patton Ritmeyer,Male,Financial Advisor,213-726-4729,pritmeyerly@prlog.org,Van Nuys,United States,California,6759 Victoria Point,2018-02-25,44924-116,2018-03-04,Standard Class,Truck,91499,solo,4.34E+15,Very Good,1
1140,Vinte,170-33-0650,4972,Toyota,Tacoma Xtra,Maroon,2003,76048.61,1,0.46,16571-150,Shir Bullent,Female,Payment Adjustment Coordinator,623-188-4046,sbullent5b@creativecommons.org,Phoenix,United States,Arizona,81967 Old Shore Alley,2018-02-25,49288-0145,2018-03-04,Second Class,Truck,85020,jcb,3.55E+15,Very Good,1
1510,Jamia,264-34-2085,4588,Hyundai,Elantra,Khaki,2004,89167.22,1,0.49,0597-0058,Pavel Griffith,Male,Health Coach II,303-665-1796,pgriffithgt@ezinearticles.com,Aurora,United States,Colorado,39659 Northridge Alley,2018-02-25,65044-6695,2018-05-05,First Class,Air,80044,bankcard,3.68E+15,Okay,1
3778,Pixonyx,581-55-7507,3903,Hyundai,Tiburon,Purple,2003,74809.42,1,0.45,59450-200,Ramon Filipson,Male,Geological Engineer,515-506-7235,rfilipsonoy@techcrunch.com,Des Moines,United States,Iowa,1235 Mallard Plaza,2018-02-26,0135-0484,2018-04-05,Standard Class,Air,50393,switch,4.99E+15,Okay,1
1808,Linkbridge,464-43-1062,4423,Mazda,B-Series Plus,Violet,2003,95019.74,1,0.6,63304-581,Jermaine Ramsdale,Male,Human Resources Manager,812-758-1637,jramsdalejr@ycombinator.com,Terre Haute,United States,Indiana,7844 Susan Circle,2018-02-26,0268-1069,2018-05-20,First Class,Truck,47805,laser,1.86E+15,Good,1
3871,Linkbuzz,863-38-3008,3998,Suzuki,Vitara,Red,2004,82663.59,2,0.49,49643-301,Brit Brennan,Female,Account Executive,626-219-1419,bbrennann6@cam.ac.uk,Alhambra,United States,California,3196 Mifflin Trail,2018-02-26,0378-7155,2018-05-13,Standard Class,Air,91841,maestro,4.33E+15,Good,1
2575,Teklist,509-94-2704,3882,Ford,Econoline E250,Fuscia,1999,71998.06,2,0.7,60505-0821,Waite Huckin,Male,Graphic Designer,713-499-2223,whuckindx@hao123.com,Houston,United States,Texas,903 Arapahoe Park,2018-02-26,41520-958,2018-05-05,Second Class,Air,77299,visa,4.82E+15,Good,1
1876,Jabberbean,205-13-4102,4380,Morgan,Aero 8,Maroon,2007,73107.99,2,0.48,33261-158,Yorker Brewis,Male,Dental Hygienist,251-762-6091,ybrewish9@oracle.com,Mobile,United States,Alabama,68813 Sunfield Park,2018-02-26,58914-012,2018-05-05,Second Class,Air,36616,americanexpress,3.48E+15,Okay,1
2604,Latz,420-62-9576,4954,BMW,X3,Pink,2006,99052.11,1,0.65,24488-027,Trey Jirick,Male,Senior Cost Accountant,610-369-0593,tjirick3u@e-recht24.de,Allentown,United States,Pennsylvania,576 Cambridge Center,2018-02-27,43742-0197,2018-05-17,Second Class,Truck,18105,jcb,2.71E+15,Very Good,1
3861,Skyba,680-14-7820,4480,Lincoln,LS,Crimson,2002,84795.67,1,0.4,49348-788,Betteann Temperton,Female,Technical Writer,202-887-9992,btempertonj0@fastcompany.com,Washington,United States,District of Columbia,623 Bluejay Alley,2018-02-27,52125-827,2018-03-04,First Class,Air,20226,jcb,1.98E+15,Very Good,1
1701,Divavu,706-52-1841,4695,Chevrolet,1500,Orange,1997,86014.7,1,0.49,24909-606,Reinald Bruce,Male,Office Assistant III,215-673-8768,rbrucejz@google.ca,Philadelphia,United States,Pennsylvania,57262 New Castle Center,2018-02-27,57520-0955,2018-05-05,Standard Class,Truck,19178,jcb,1.81E+15,Okay,1
3714,Zava,503-12-3193,3861,Mercury,Sable,Aquamarine,1998,83897.83,1,0.48,53489-330,Judy Kopf,Female,Environmental Specialist,203-704-1147,jkopfd9@wunderground.com,New Haven,United States,Connecticut,4475 Beilfuss Plaza,2018-02-27,65585-511,2018-05-03,Same Day,Truck,6520,instapayment,3.46E+15,Good,1
1595,Youfeed,189-06-3930,4866,Chevrolet,Suburban 1500,Orange,2009,93066.53,1,0.49,61245-146,Elwin Breckon,Male,Electrical Engineer,682-509-6202,ebreckon7c@geocities.jp,Fort Worth,United States,Texas,95236 Ohio Alley,2018-02-28,0268-0275,2018-03-18,Same Day,Truck,76110,americanexpress,2.20E+15,Good,1
1155,Lajo,740-59-3740,4976,Chevrolet,K5 Blazer,Purple,1995,76966.08,2,0.41,68387-802,Riley McGeechan,Male,Internal Auditor,406-295-0934,rmcgeechan7p@digg.com,Bozeman,United States,Montana,4237 Lien Park,2018-02-28,11673-245,2018-05-05,Standard Class,Air,59771,jcb,2.14E+15,Okay,1
3336,Livetube,707-22-4767,4602,Lincoln,MKX,Maroon,2009,98757.32,1,0.56,60681-7002,Keary Leebeter,Male,Cost Accountant,210-956-7181,kleebeterr5@msu.edu,San Antonio,United States,Texas,304 Grim Trail,2018-02-28,54569-1647,2018-05-03,Standard Class,Truck,78285,jcb,4.69E+15,Good,1
3261,Tagcat,570-40-5193,4521,Toyota,4Runner,Crimson,1999,72732.05,1,0.54,36987-1770,Euphemia McNuff,Female,Sales Associate,303-213-2819,emcnuffcq@wp.com,Denver,United States,Colorado,4 Vidon Crossing,2018-02-28,58118-1391,2018-04-21,First Class,Truck,80270,jcb,3.01E+15,Good,1
2904,Photolist,497-92-9272,3599,Infiniti,G25,Indigo,2012,93388.29,1,0.57,68151-2347,Norina Zecchinii,Female,Budget/Accounting Analyst IV,509-448-4917,nzecchiniijf@webeden.co.uk,Spokane,United States,Washington,4098 Dunning Junction,2018-02-28,63323-285,2018-04-04,Same Day,Truck,99252,jcb,3.23E+15,Very Good,1
1907,Pixonyx,846-34-1523,4682,BMW,X3,Blue,2008,80135.57,2,0.65,52810-411,Riordan Laise,Male,Account Coordinator,210-179-7686,rlaisedh@acquirethisname.com,San Antonio,United States,Texas,83328 Heath Avenue,2018-01-03,55926-0021,2018-04-04,Second Class,Truck,78285,china-unionpay,2.41E+15,Very Good,1
3223,Linklinks,606-68-6621,4337,Lamborghini,Diablo,Teal,1991,93448.22,2,0.44,36987-2341,Alexander Chastang,Male,Graphic Designer,614-782-8409,achastangit@liveinternet.ru,Columbus,United States,Ohio,5 Annamark Junction,2018-01-03,68258-1972,2018-04-05,Same Day,Truck,43204,jcb,1.37E+15,Good,1
3390,Jabbersphere,331-59-8481,4152,GMC,Savana 3500,Blue,2007,79925.88,2,0.58,36800-517,Orland Luthwood,Male,Staff Scientist,804-173-4821,oluthwoodi4@mapy.cz,Richmond,United States,Virginia,41 Dawn Court,2018-01-03,76439-252,2018-04-14,Standard Class,Truck,23208,jcb,2.15E+15,Very Bad,1
2125,Kamba,283-27-2548,3860,Buick,Regal,Orange,2011,93563.33,2,0.69,42507-612,Phillipe Fussie,Male,Director of Sales,305-467-5364,pfussier@lycos.com,Miami,United States,Florida,3110 Loomis Parkway,2018-02-03,0527-1366,2018-05-04,First Class,Air,33158,jcb,3.42E+15,Very Bad,1
3774,Abata,275-55-1787,4957,Volvo,S80,Turquoise,2003,77606.71,2,0.67,52644-003,Pippy Seagrove,Female,Research Assistant I,301-591-5117,pseagroveao@google.cn,Rockville,United States,Maryland,5 Stuart Point,2018-02-03,114522-2683,2018-05-14,Standard Class,Air,20851,mastercard,2.58E+15,Okay,1
3263,Zoombeat,862-45-7382,4657,Mitsubishi,Truck,Pink,1987,89080.71,2,0.51,0338-0047,Georg Scrancher,Male,Information Systems Manager,626-861-6415,gscrancherc3@bloglines.com,Pasadena,United States,California,932 Hollow Ridge Plaza,2018-02-03,11673-679,2018-03-04,Standard Class,Truck,91199,switch,3.61E+15,Bad,1
2078,Gabcube,571-46-4187,3643,Jeep,Comanche,Pink,1992,96416.25,2,0.55,58517-340,Gennifer Mor,Female,Business Systems Development Analyst,213-585-6350,gmor8z@quantcast.com,Los Angeles,United States,California,8429 Nancy Center,2018-02-03,43857-0117,2018-05-18,First Class,Air,90081,diners-club-international,1.39E+15,Bad,1
1795,Twiyo,601-64-6468,3774,Volkswagen,Type 2,Red,1988,77798.74,1,0.43,54868-6387,Stephannie Senett,Female,Marketing Assistant,210-417-5117,ssenettlp@wunderground.com,San Antonio,United States,Texas,4450 Forster Hill,2018-02-03,52125-862,2018-05-04,Standard Class,Truck,78230,jcb,2.82E+15,Good,1
1641,Vitz,303-29-5200,3528,Toyota,Solara,Blue,2004,72305.48,1,0.68,50436-8102,Helene Allaway,Female,Librarian,828-509-9826,hallawaycc@newyorker.com,Asheville,United States,North Carolina,94985 Service Park,2018-02-03,59045-1001,2018-04-23,Second Class,Truck,28805,jcb,4.73E+15,Bad,1
1110,Riffwire,430-80-6105,4210,Kia,Forte,Turquoise,2011,88119.82,2,0.68,0013-2653,Edi Stodd,Female,Senior Financial Analyst,571-949-9499,estoddiw@dot.gov,Reston,United States,Virginia,09112 Beilfuss Plaza,2018-02-03,64942-1176,2018-05-18,Same Day,Air,22096,diners-club-enroute,4.53E+15,Okay,1
3762,Skipstorm,181-41-7940,3624,Acura,RL,Blue,2000,90507.79,2,0.4,58232-9911,Dione Kenington,Female,Teacher,781-376-3826,dkenington72@51.la,Watertown,United States,Massachusetts,569 Delladonna Trail,2018-03-03,58118-0570,2018-05-04,Same Day,Air,2472,jcb,3.08E+15,Very Bad,1
1888,Tazzy,254-58-3750,4315,GMC,3500,Maroon,1994,93635.82,2,0.49,76237-162,Beryle Carlan,Female,Accounting Assistant IV,202-657-3775,bcarlans@newsvine.com,Washington,United States,District of Columbia,20207 Lotheville Way,2018-03-03,37012-160,2018-05-05,Standard Class,Air,20442,bankcard,2.91E+15,Okay,1
1582,Mynte,587-21-7915,4548,Pontiac,6000,Yellow,1985,77566.5,1,0.69,61995-0212,Adelheid Edgeley,Female,VP Product Management,719-256-4587,aedgeleyhg@godaddy.com,Colorado Springs,United States,Colorado,267 Dunning Pass,2018-03-03,49230-203,2018-05-04,Same Day,Truck,80915,jcb,4.81E+15,Okay,1
1812,Chatterbridge,699-75-3481,3992,Chevrolet,Camaro,Mauv,1999,87633.51,2,0.48,36987-3131,Kynthia McLleese,Female,Database Administrator IV,386-825-1385,kmclleesebs@about.me,Daytona Beach,United States,Florida,708 Mifflin Road,2018-03-03,63874-687,2018-05-05,Same Day,Air,32128,jcb,4.10E+15,Okay,1
2417,Gigazoom,413-96-8695,4451,Mercedes-Benz,CL-Class,Goldenrod,2009,70414.13,1,0.66,76119-1214,Anson Falks,Male,Payment Adjustment Coordinator,914-854-8656,afalksqe@forbes.com,Yonkers,United States,New York,74 Acker Center,2018-02-03,68645-468,2018-05-04,Standard Class,Truck,10705,mastercard,4.33E+15,Very Good,1
3699,Linkbridge,504-57-9924,4366,Toyota,Tundra,Yellow,2008,88546.23,1,0.42,49349-866,Van Ayree,Male,Chemical Engineer,402-769-7150,vayree7e@github.com,Lincoln,United States,Nebraska,90198 Chinook Alley,2018-01-03,44911-0022,2018-05-05,Standard Class,Air,68583,visa-electron,2.89E+15,Bad,1
1224,Quatz,509-34-3985,4278,Infiniti,QX,Puce,2008,98974.32,2,0.48,51824-014,Cesar Chelam,Male,Associate Professor,251-728-7382,cchelamhq@tripadvisor.com,Mobile,United States,Alabama,34 Knutson Way,2018-01-03,63629-3325,2018-05-15,Standard Class,Air,36670,americanexpress,2.38E+15,Very Good,1
3594,Viva,422-89-1758,4713,Kia,Borrego,Green,2009,79522.02,2,0.42,49348-616,Yasmeen Ridulfo,Female,Automation Specialist II,530-803-4379,yridulfo4f@dailymail.co.uk,South Lake Tahoe,United States,California,134 Stang Trail,2018-02-03,11410-162,2018-03-06,Same Day,Truck,96154,diners-club-carte-blanche,3.77E+15,Very Bad,1
3190,Mynte,615-31-9957,4305,Buick,Roadmaster,Crimson,1994,94275.47,1,0.51,51143-066,Frances Acomb,Female,Safety Technician IV,865-810-1519,facombn1@privacy.gov.au,Knoxville,United States,Tennessee,64 International Way,2018-01-03,0363-0567,2018-04-05,Second Class,Truck,37924,jcb,3.21E+15,Bad,1
2515,Skippad,433-43-1432,4781,Buick,Park Avenue,Turquoise,1997,95844.68,1,0.61,54111-113,Finlay Addison,Male,Web Developer II,619-165-8510,faddisoncd@ox.ac.uk,San Diego,United States,California,5 Nobel Trail,2018-01-03,55910-804,2018-04-04,First Class,Air,92170,jcb,2.12E+15,Okay,1
2053,Blogtags,412-87-1556,4212,Toyota,Highlander,Purple,2009,78699.86,2,0.53,0268-1007,Rozella Bedboro,Female,Structural Engineer,925-100-6978,rbedborodp@huffingtonpost.com,Concord,United States,California,95 Stephen Avenue,2018-03-03,59779-930,2018-03-04,Same Day,Air,94522,visa,3.30E+15,Okay,1
1512,Abatz,477-42-1099,3982,Infiniti,QX56,Mauv,2011,79895.42,2,0.4,10812-204,Ryon Glasscoo,Male,Actuary,347-982-8865,rglasscooqy@creativecommons.org,Flushing,United States,New York,29029 Mesta Way,2018-03-13,36987-1840,2018-05-17,First Class,Air,11355,mastercard,2.89E+15,Very Bad,1
3750,Miboo,533-70-5972,4470,MINI,Cooper Countryman,Orange,2012,71661.09,1,0.64,0527-1325,Mattheus Leedal,Male,Director of Sales,412-466-2776,mleedalhw@webmd.com,Mc Keesport,United States,Pennsylvania,024 Columbus Point,2018-03-13,43337-9328,2018-03-30,Same Day,Truck,15134,jcb,1.70E+15,Very Good,1
2424,Brightdog,879-63-7771,3881,Ford,Escape,Indigo,2013,70355.73,2,0.46,0703-7045,Nanni Pumfrett,Female,GIS Technical Architect,901-929-1160,npumfrettdk@theatlantic.com,Memphis,United States,Tennessee,4 Chinook Circle,2018-03-13,43353-815,2018-04-17,Standard Class,Air,38181,jcb,3.92E+15,Very Bad,1
3951,Skidoo,393-49-1434,4404,Nissan,280ZX,Yellow,1979,89887.22,1,0.54,49643-104,Glendon Brazier,Male,Research Nurse,865-787-4975,gbraziernn@soup.io,Knoxville,United States,Tennessee,33624 Upham Crossing,2018-03-13,45802-245,2018-04-17,Standard Class,Truck,37924,mastercard,3.51E+15,Very Bad,1
2028,Mymm,759-60-1833,3757,Nissan,Frontier,Khaki,2000,71196.44,2,0.55,0363-0057,Iver Thaxter,Male,Social Worker,414-489-9365,ithaxternh@yahoo.co.jp,Milwaukee,United States,Wisconsin,81 Westend Center,2018-03-14,0409-9789,2018-04-18,Second Class,Air,53285,jcb,4.21E+15,Very Good,1
3749,Brightdog,370-66-4574,4941,BMW,Z4 M,Khaki,2007,90295.13,2,0.6,60512-6032,Jarad Briatt,Male,Office Assistant IV,704-859-4960,jbriatt9t@goodreads.com,Charlotte,United States,North Carolina,72549 Helena Terrace,2018-03-14,63187-159,2018-04-18,Standard Class,Air,28235,bankcard,3.52E+15,Bad,1
1111,Pixoboo,863-37-0862,4481,Toyota,Venza,Green,2013,83965.79,2,0.47,47682-101,Keane Clapp,Male,Software Consultant,601-280-2657,kclappk8@patch.com,Jackson,United States,Mississippi,74 Gateway Road,2018-03-15,50988-179,2018-05-05,Standard Class,Truck,39216,bankcard,4.83E+15,Very Bad,1
1099,Katz,724-07-7936,4105,Chevrolet,Camaro,Yellow,2002,81814.51,2,0.46,61715-118,Jackquelin Stradling,Female,Compensation Analyst,413-470-2585,jstradlingdg@un.org,Springfield,United States,Massachusetts,0740 Pine View Lane,2018-03-15,58118-0031,2018-03-31,Standard Class,Air,1152,instapayment,1.33E+15,Bad,1
3793,Centizu,337-51-9337,3980,Volkswagen,Jetta,Orange,1997,98689.33,1,0.41,0065-0454,Leela Gregolin,Female,Legal Assistant,612-969-9476,lgregolin4a@friendfeed.com,Minneapolis,United States,Minnesota,614 Mayer Center,2018-03-15,76049-002,2018-04-05,First Class,Truck,55470,jcb,4.55E+15,Very Bad,1
3342,Aivee,740-48-9608,4157,Ford,F450,Pink,2009,86923.02,2,0.63,15127-900,Alexandre Shercliff,Male,Geological Engineer,480-499-4481,asherclifflc@jiathis.com,Scottsdale,United States,Arizona,741 Harper Plaza,2018-03-16,21695-065,2018-03-30,Same Day,Air,85271,maestro,4.31E+15,Very Good,1
1780,Meeveo,265-42-4185,4748,Buick,Park Avenue,Goldenrod,2004,88228.83,1,0.64,66288-1100,Reeta Khomin,Female,Senior Editor,806-257-2089,rkhominju@google.com.au,Amarillo,United States,Texas,95 Anhalt Alley,2018-03-16,35356-125,2018-03-22,Same Day,Truck,79105,jcb,3.19E+15,Very Good,1
2005,Flipopia,521-68-4174,4840,Ford,Flex,Mauv,2012,82801.19,1,0.56,61657-0959,Tabbitha Redmain,Female,Geological Engineer,727-526-0343,tredmain93@jiathis.com,Clearwater,United States,Florida,68 Russell Street,2018-03-16,43857-0294,2018-04-20,Same Day,Truck,34620,china-unionpay,4.32E+15,Very Bad,1
1193,Cogilith,742-92-0451,4808,Subaru,Tribeca,Maroon,2008,73352.91,1,0.49,68745-1056,Isabel Bysh,Female,Account Representative III,904-163-4942,ibyshcm@woothemes.com,Jacksonville,United States,Florida,833 5th Pass,2018-03-17,34645-5018,2018-04-20,Standard Class,Truck,32204,jcb,2.64E+15,Bad,1
3093,Divanoodle,375-61-4621,3768,Acura,RL,Indigo,2000,98166.42,2,0.63,68788-9164,Robers Coker,Male,Programmer I,214-276-6272,rcokergp@oakley.com,Dallas,United States,Texas,100 Shopko Road,2018-03-17,42508-157,2018-05-16,Standard Class,Air,75260,jcb,4.88E+15,Very Good,1
3602,Twitterlist,288-77-8840,4080,Nissan,Sentra,Turquoise,2011,92154.65,2,0.51,53808-0603,Reese Lace,Male,Associate Professor,504-160-1828,rlacey@ca.gov,New Orleans,United States,Louisiana,4138 Westend Junction,2018-03-17,58414-8748,2018-05-26,Same Day,Air,70142,maestro,4.70E+15,Good,1
3335,Kare,642-47-2130,4845,Chevrolet,Express 1500,Red,2009,88360.26,1,0.43,55926-0014,Alla Zuker,Female,Information Systems Manager,816-458-5692,azukerqn@baidu.com,Kansas City,United States,Missouri,16513 Jenifer Place,2018-03-17,59779-320,2018-04-21,First Class,Air,64153,jcb,1.78E+15,Bad,1
1228,Leexo,102-08-2843,4936,Volkswagen,Eos,Indigo,2011,80667.32,2,0.49,0615-1590,Gregoor Harries,Male,Quality Engineer,540-852-7556,gharrieshf@apple.com,Roanoke,United States,Virginia,476 Sunnyside Point,2018-03-18,36987-1245,2018-05-04,Standard Class,Air,24029,laser,2.52E+15,Very Good,1
2369,Zazio,891-93-3442,3657,Volkswagen,Golf,Crimson,2006,97678.47,1,0.66,33992-3003,Kalli Coslett,Female,Business Systems Development Analyst,407-591-9064,kcoslettqq@reuters.com,Orlando,United States,Florida,5186 Nancy Trail,2018-03-18,46287-009,2018-04-05,Second Class,Truck,32835,visa,1.57E+15,Very Good,1
1919,Yakitri,676-50-2207,4477,Audi,A4,Green,1997,82107.77,1,0.41,50519-773,La verne Vaszoly,Female,Junior Executive,719-850-9904,lverneok@bigcartel.com,Colorado Springs,United States,Colorado,33 Dahle Trail,2018-03-18,54162-017,2018-04-22,Standard Class,Air,80995,jcb,4.12E+15,Bad,1
1226,Jabberstorm,264-35-4631,4047,Jaguar,XJ Series,Indigo,1999,99091.21,1,0.5,67750-1234,Cymbre Gaiger,Female,Senior Editor,212-309-3109,cgaigeri0@time.com,New York City,United States,New York,912 Clarendon Lane,2018-03-18,63941-238,2018-04-04,First Class,Truck,10203,bankcard,1.49E+15,Very Good,1
3994,Meevee,413-57-3046,4992,Chevrolet,Tahoe,Turquoise,2008,75592.73,1,0.56,37808-416,Darbie Harroll,Female,Media Manager II,206-869-9196,dharrollki@washington.edu,Seattle,United States,Washington,6 Sutteridge Drive,2018-03-18,67345-0782,2018-05-05,Standard Class,Truck,98115,maestro,4.59E+15,Very Good,1
3776,Eadel,199-74-0486,3772,Chevrolet,Avalanche 2500,Fuscia,2004,82503.81,2,0.41,55648-172,Brandtr Ianizzi,Male,Environmental Specialist,727-952-4013,bianizzikx@etsy.com,Clearwater,United States,Florida,274 Utah Junction,2018-03-19,0069-2980,2018-04-05,Second Class,Air,34620,americanexpress,4.65E+15,Good,1
2401,Bluejam,138-21-0884,4530,Ford,Bronco,Red,1988,94540.96,1,0.66,54868-0644,Paquito Gasgarth,Male,Professor,540-648-4551,pgasgarthbk@hatena.ne.jp,Roanoke,United States,Virginia,74 Hayes Place,2018-03-19,67938-2006,2018-04-23,Same Day,Air,24034,jcb,4.83E+15,Good,1
1434,Ntag,653-46-8005,3737,Buick,Rainier,Indigo,2005,73075.58,1,0.68,45802-806,Brande Sebright,Female,Project Manager,419-840-1084,bsebright88@i2i.jp,Toledo,United States,Ohio,95 Jana Lane,2018-03-20,68400-311,2018-03-23,First Class,Truck,43605,maestro,3.64E+15,Very Bad,1
3188,Flipopia,598-42-8987,3615,Jeep,Wrangler,Maroon,1993,94505.47,2,0.54,52125-794,Max Baxstare,Female,Nurse,202-409-5919,mbaxstarek4@cafepress.com,Washington,United States,District of Columbia,1422 Everett Point,2018-03-21,0187-2617,2018-04-25,Same Day,Air,20557,americanexpress,2.75E+15,Very Good,1
2713,Quimba,135-43-7540,4757,Audi,Allroad,Aquamarine,2005,95802.25,1,0.69,64942-1305,Michaelina De Hooch,Female,Marketing Assistant,909-618-8876,mdee9@nih.gov,Riverside,United States,California,34312 Anthes Lane,2018-03-21,41167-0031,2018-04-29,Standard Class,Truck,92505,jcb,1.95E+15,Okay,1
2956,Meemm,373-33-2834,4885,Dodge,Neon,Aquamarine,1996,72481.67,1,0.4,51346-144,Lester Harpham,Male,Associate Professor,617-830-3556,lharphamlq@pagesperso-orange.fr,Boston,United States,Massachusetts,247 Gulseth Crossing,2018-03-21,41190-656,2018-05-05,Standard Class,Air,2124,solo,3.70E+15,Bad,1
3514,Leexo,215-06-8021,4143,Ford,Taurus,Mauv,1986,89115.73,2,0.64,55154-2095,Sylas Chart,Male,Clinical Specialist,702-680-9913,scharthe@geocities.com,Las Vegas,United States,Nevada,32 Warner Circle,2018-03-21,53405-0003,2018-04-25,Same Day,Truck,89150,mastercard,1.63E+15,Bad,1
3589,Myworks,554-02-7818,3886,Toyota,4Runner,Mauv,2010,92431.11,1,0.52,0904-6277,Pincas Thorpe,Male,Programmer Analyst IV,203-922-9178,pthorpe3g@chronoengine.com,Norwalk,United States,Connecticut,31219 Little Fleur Trail,2018-03-21,59779-129,2018-04-17,First Class,Truck,6854,jcb,3.31E+15,Very Bad,1
2881,Blogtags,163-06-9928,3641,Maybach,57S,Aquamarine,2005,88219.59,2,0.4,0440-7805,Adiana Langshaw,Female,Occupational Therapist,435-516-5050,alangshawpw@npr.org,Salt Lake City,United States,Utah,412 Killdeer Parkway,2018-03-21,63187-061,2018-04-25,Second Class,Air,84105,jcb,4.11E+15,Very Good,1
2833,Skiptube,579-46-2873,4962,Pontiac,Grand Prix,Fuscia,1978,82059.55,2,0.66,0206-2100,Gussy Murison,Female,Chemical Engineer,651-279-4209,gmurison2k@google.ru,Saint Paul,United States,Minnesota,7861 Cardinal Trail,2018-03-21,67345-0784,2018-05-31,Same Day,Truck,55127,americanexpress,3.32E+15,Very Bad,1
1121,Linktype,614-40-8086,4648,Buick,Century,Khaki,1992,80884.6,1,0.51,36987-3061,Standford Goodhall,Male,Software Consultant,240-408-7636,sgoodhallfz@mozilla.com,Silver Spring,United States,Maryland,55189 Thackeray Parkway,2018-03-24,43386-622,2018-04-28,First Class,Air,20904,diners-club-carte-blanche,4.99E+15,Good,1
2659,Bubbletube,610-26-2412,4379,Infiniti,G,Green,2007,82257.46,1,0.5,58411-102,Marne Vinsen,Female,Junior Executive,626-352-3260,mvinsen6t@free.fr,Pasadena,United States,California,58 Prentice Crossing,2018-03-24,63739-231,2018-04-20,Second Class,Truck,91125,diners-club-carte-blanche,2.94E+15,Bad,1
2135,Browsezoom,677-54-9252,4026,Land Rover,Range Rover,Khaki,2010,73701.07,2,0.51,11822-0656,Worden Camerello,Male,Sales Representative,850-206-4344,wcamerelloca@1688.com,Tallahassee,United States,Florida,109 Dayton Road,2018-03-24,64942-1352,2018-04-25,Second Class,Air,32304,americanexpress,3.40E+15,Very Bad,1
2718,Trilith,731-66-4280,4145,Chrysler,Crossfire Roadster,Mauv,2006,85160.48,1,0.47,60429-288,Robert Vicarey,Male,Nurse Practicioner,512-454-8287,rvicarey9h@buzzfeed.com,Austin,United States,Texas,000 Amoth Alley,2018-03-25,52810-702,2018-04-29,Second Class,Air,78764,maestro,2.68E+15,Very Good,1
1469,Skivee,464-68-1650,4103,Nissan,Sentra,Pink,2007,79374.33,1,0.53,48951-3145,Merv Sherewood,Male,Teacher,415-563-9515,msherewoodkm@sphinn.com,San Francisco,United States,California,85679 Melody Street,2018-03-25,57955-0815,2018-04-30,Second Class,Air,94177,maestro,2.56E+15,Very Good,1
1449,Youspan,193-29-6908,4616,Acura,TL,Mauv,2012,77852.75,1,0.56,36987-2177,Sindee Cholwell,Female,Financial Analyst,505-252-2910,scholwellho@mozilla.org,Albuquerque,United States,New Mexico,07035 Clemons Avenue,2018-03-25,61957-2150,2018-04-04,Same Day,Air,87201,jcb,3.21E+15,Very Good,1
3284,Leexo,310-97-3261,4361,Plymouth,Neon,Purple,1996,94338.83,2,0.45,65044-9961,Isidora Brugger,Female,Research Assistant IV,646-824-1696,ibruggerll@desdev.cn,New York City,United States,New York,15210 Fordem Alley,2018-03-26,0006-0078,2018-05-30,First Class,Air,10060,switch,3.65E+15,Very Bad,1
1593,Livepath,583-38-9758,4551,Ferrari,California,Teal,2010,78136.27,2,0.42,51141-1000,Tibold Glanfield,Male,Compensation Analyst,214-358-3694,tglanfield1s@fc2.com,Garland,United States,Texas,32 Farragut Terrace,2018-03-26,51138-212,2018-03-30,Same Day,Truck,75044,jcb,2.62E+15,Very Good,1
1490,Vinte,107-81-5155,4029,Kia,Rio,Violet,2011,80693.12,1,0.69,59762-1412,Jenna Fathers,Female,Project Manager,803-345-0815,jfathersq0@surveymonkey.com,Columbia,United States,South Carolina,28775 Dwight Crossing,2018-03-26,61748-200,2018-04-28,Second Class,Air,29203,diners-club-enroute,3.24E+15,Bad,1
2348,Edgetag,186-94-1474,3565,Mitsubishi,Galant,Maroon,2002,86514.32,1,0.49,11673-536,Wilona Punch,Female,Analyst Programmer,803-160-8110,wpunchle@digg.com,Columbia,United States,South Carolina,1 5th Trail,2018-03-27,0173-0699,2018-04-05,Standard Class,Truck,29240,jcb,1.99E+15,Okay,1
2222,Feedbug,521-61-3108,4235,Isuzu,Hombre Space,Maroon,2000,89639.49,2,0.47,68788-9141,Aile Rodell,Female,Assistant Professor,208-592-2751,arodell4q@flickr.com,Boise,United States,Idaho,1423 Gulseth Trail,2018-03-27,54868-4101,2018-04-20,Standard Class,Truck,83711,diners-club-enroute,4.62E+15,Okay,1
2147,Skimia,889-97-0203,4284,Pontiac,G6,Orange,2005,99451.03,1,0.44,63739-284,Reube Phettis,Male,Programmer Analyst IV,858-685-0770,rphettismt@mail.ru,Santa Clara,United States,California,477 Jackson Alley,2018-03-27,63941-078,2018-04-23,First Class,Truck,95054,diners-club-carte-blanche,2.51E+15,Okay,1
3399,Linkbuzz,844-30-8890,4734,Pontiac,Firefly,Fuscia,1992,75634.19,2,0.45,76293-037,Rowan Storey,Male,Chief Design Engineer,727-530-8997,rstoreyat@youtube.com,Saint Petersburg,United States,Florida,775 Hayes Crossing,2018-03-27,68645-477,2018-04-18,Standard Class,Truck,33710,visa-electron,3.72E+15,Bad,1
1438,Yombu,548-43-1686,4716,Suzuki,Esteem,Turquoise,1996,99894.46,2,0.58,68180-902,Pincas Abarough,Male,Statistician III,646-927-6795,pabaroughjb@nydailynews.com,Brooklyn,United States,New York,56 Kings Junction,2018-03-27,68745-1035,2018-04-05,Standard Class,Air,11205,jcb,2.18E+15,Very Bad,1
1682,Linkbridge,471-14-4582,3721,Pontiac,Firebird,Crimson,1985,73339.15,1,0.59,45802-759,Tedie Newlove,Male,Assistant Professor,502-699-0225,tnewloveo1@list-manage.com,Louisville,United States,Kentucky,288 Scoville Terrace,2018-03-28,36987-3212,2018-04-15,Same Day,Truck,40266,jcb,1.46E+15,Very Bad,1
2814,Shuffledrive,857-91-5590,3669,Audi,RS 4,Blue,2008,98495.09,2,0.46,68462-179,Haley Nockells,Female,Account Representative I,502-605-8186,hnockells2l@elegantthemes.com,Louisville,United States,Kentucky,0081 Hayes Plaza,2018-03-28,41250-453,2018-04-15,First Class,Truck,40210,jcb,2.50E+15,Very Good,1
1229,DabZ,458-12-1050,3652,Cadillac,XLR,Red,2008,75255.84,1,0.69,24987-562,Morie Mowsdell,Male,Librarian,602-316-0625,mmowsdell20@w3.org,Glendale,United States,Arizona,54954 Westerfield Terrace,2018-03-28,61748-014,2018-05-06,Standard Class,Air,85311,diners-club-carte-blanche,2.82E+15,Very Good,1
1307,Cogilith,322-62-8408,4869,Chevrolet,Camaro,Crimson,2002,77928.63,2,0.68,0268-6618,Marve Gaynsford,Male,Internal Auditor,334-997-2654,mgaynsfordic@lycos.com,Montgomery,United States,Alabama,43 Graedel Street,2018-03-28,63801-107,2018-04-04,First Class,Truck,36125,americanexpress,3.36E+15,Good,1
1322,Realcube,433-53-9139,3837,Chevrolet,Sportvan G30,Teal,1995,95519.06,2,0.5,54458-907,Georgiana Decker,Female,Financial Analyst,253-129-3808,gdecker2u@wordpress.com,Olympia,United States,Washington,86058 Farwell Way,2018-03-29,43742-0489,2018-04-17,Standard Class,Truck,98516,switch,2.13E+15,Very Bad,1
3176,Layo,547-88-4825,4733,Mercedes-Benz,M-Class,Mauv,2002,93295.77,1,0.65,0955-1015,Duff Dodgshun,Male,Developer I,973-213-3415,ddodgshuna@imgur.com,Newark,United States,New Jersey,8104 Colorado Avenue,2018-03-29,50563-202,2018-05-23,Same Day,Air,7112,diners-club-enroute,4.89E+15,Very Bad,1
2523,Oyondu,603-79-6170,4677,Pontiac,Firebird,Teal,1991,71319.66,1,0.43,43857-0026,Julia Ettery,Female,Payment Adjustment Coordinator,915-835-1984,jettery5g@skyrock.com,El Paso,United States,Texas,68401 Oriole Point,2018-03-29,52959-596,2018-05-31,Standard Class,Air,79999,jcb,3.76E+15,Very Good,1
1502,Trilith,500-28-7357,4209,Oldsmobile,Bravada,Aquamarine,1994,71748.7,2,0.56,64117-118,Elwood Magrane,Male,Staff Accountant I,909-410-3184,emagranecn@cmu.edu,Riverside,United States,California,71527 Fisk Plaza,2018-03-29,54868-5759,2018-04-12,First Class,Truck,92505,maestro,3.27E+15,Very Good,1
3986,Zava,362-62-8480,4294,Eagle,Talon,Turquoise,1991,94559.55,2,0.54,54973-2956,Ermina MacRedmond,Female,Senior Financial Analyst,727-499-2583,emacredmondrh@blogs.com,Saint Petersburg,United States,Florida,13 Glacier Hill Trail,2018-03-30,10544-219,2018-04-25,Same Day,Truck,33710,diners-club-enroute,4.60E+15,Bad,1
1242,Skyndu,883-12-4168,4708,Chevrolet,Suburban 2500,Aquamarine,2009,72298.72,1,0.66,11697-373,Friedrich Roswarne,Male,Cost Accountant,209-830-5801,froswarne15@blinklist.com,Stockton,United States,California,25 Artisan Terrace,2018-03-30,50436-6858,2018-05-17,First Class,Air,95298,maestro,4.67E+15,Bad,1
1466,Podcat,244-21-9354,3682,Chevrolet,Malibu,Green,1999,71372.56,2,0.55,59663-110,Warden Cone,Male,Recruiting Manager,202-305-5724,wconeb4@jimdo.com,Washington,United States,District of Columbia,90134 Lyons Alley,2018-03-30,50804-080,2018-05-17,First Class,Air,20220,china-unionpay,4.19E+15,Bad,1
1366,Flashpoint,249-35-9061,4126,Audi,A5,Goldenrod,2012,93433.41,2,0.67,49349-926,Pieter Gerardet,Male,GIS Technical Architect,304-556-4067,pgerardet55@behance.net,Charleston,United States,West Virginia,2 Vera Trail,2018-03-30,52125-019,2018-05-26,Second Class,Air,25362,jcb,2.20E+15,Very Good,1
1511,Lazzy,619-58-7371,4933,Honda,Accord,Maroon,1985,98576.38,2,0.58,49035-393,Jamal Attoc,Male,Account Representative III,303-948-0769,jattoce4@php.net,Denver,United States,Colorado,3079 Maple Wood Street,2018-03-30,54170-110,2018-04-20,Standard Class,Air,80262,switch,2.33E+15,Bad,1
3628,LiveZ,410-89-8997,3905,Honda,Odyssey,Orange,2004,99856.28,2,0.66,0363-8130,Wendi Kineton,Female,Structural Engineer,415-395-1335,wkinetondn@cdbaby.com,San Francisco,United States,California,8 Saint Paul Avenue,2018-03-31,76354-005,2018-05-04,Standard Class,Truck,94110,mastercard,1.50E+15,Very Bad,1